index,label,prediction,logits
0,0,0,"(0.034194324, -0.25564656)"
1,1,1,"(-2.46363, 2.1365347)"
2,0,1,"(-1.9495254, 1.5734005)"
3,0,0,"(2.490026, -2.5147638)"
4,1,0,"(0.2949754, -0.48879033)"
5,0,1,"(-0.92015886, 0.7861313)"
6,0,0,"(0.38141385, -0.53817797)"
7,0,1,"(-2.1906223, 1.8706276)"
8,1,0,"(1.1332724, -1.2591627)"
9,0,0,"(1.3352896, -1.5049764)"
10,0,0,"(0.4451085, -0.62250584)"
11,0,0,"(3.1258929, -3.123064)"
12,0,0,"(0.7543626, -1.0901335)"
13,0,0,"(1.723301, -1.9062095)"
14,1,0,"(0.18434654, -0.4652415)"
15,1,1,"(-0.8198299, 0.55095935)"
16,0,1,"(-0.5480813, 0.36193478)"
17,0,0,"(1.9722962, -2.0950904)"
18,0,0,"(0.5175323, -0.76311564)"
19,0,0,"(1.5445552, -1.603836)"
20,0,1,"(-1.3082626, 1.042788)"
21,0,0,"(1.0830281, -1.1581633)"
22,1,1,"(-1.8848584, 1.6336298)"
23,0,1,"(-1.299312, 1.0343841)"
24,0,0,"(-0.06484063, -0.14445949)"
25,1,0,"(1.0535829, -1.3225651)"
26,0,1,"(-0.1126389, -0.07134294)"
27,0,1,"(-2.1784956, 1.893752)"
28,0,0,"(1.1505576, -1.2610265)"
29,1,0,"(-0.029428892, -0.0987044)"
30,0,1,"(-1.8607602, 1.5993953)"
31,0,1,"(-1.3520815, 1.1533056)"
32,0,0,"(0.65578747, -0.76475686)"
33,0,1,"(-1.4528873, 1.2972767)"
34,0,0,"(1.3955334, -1.4458969)"
35,0,1,"(-0.84656715, 0.63728094)"
36,0,0,"(0.3256808, -0.44171745)"
37,0,0,"(1.3572047, -1.4256063)"
38,0,1,"(-0.8419534, 0.60973936)"
39,0,0,"(0.14730695, -0.3253497)"
40,0,0,"(2.0127246, -2.1278098)"
41,0,0,"(0.06146329, -0.22822914)"
42,0,1,"(-1.5221077, 1.3201847)"
43,1,1,"(-0.92498547, 0.7386974)"
44,0,1,"(-0.69218135, 0.4959947)"
45,0,0,"(1.9199014, -2.0563154)"
46,1,0,"(-0.025165081, -0.07115741)"
47,0,0,"(1.5287492, -1.5965767)"
48,0,1,"(-0.707758, 0.46592614)"
49,0,0,"(1.1387768, -1.186089)"
50,0,1,"(-2.569604, 2.2748585)"
51,1,1,"(-1.7492788, 1.4050338)"
52,0,0,"(2.0278287, -2.1791005)"
53,0,1,"(-0.11073195, 0.027467284)"
54,0,0,"(1.5136784, -1.5790901)"
55,0,0,"(1.0130833, -1.1272093)"
56,0,1,"(-1.3136268, 1.1241934)"
57,0,1,"(-0.40612745, 0.2928358)"
58,0,1,"(-2.5718536, 2.2169018)"
59,0,1,"(-1.3547685, 0.9759295)"
60,0,1,"(-0.33402973, 0.1760067)"
61,1,0,"(0.62346685, -0.84979004)"
62,1,0,"(0.7884209, -1.0858946)"
63,0,1,"(-0.19816637, 0.055409223)"
64,0,0,"(0.7504123, -0.828892)"
65,1,1,"(-2.1962483, 1.830522)"
66,0,1,"(-0.9162617, 0.7080363)"
67,1,1,"(-0.5546328, 0.17971584)"
68,0,0,"(1.105767, -1.2682897)"
69,1,0,"(0.106842734, -0.2693329)"
70,0,1,"(-1.7493382, 1.5619231)"
71,0,1,"(-0.18287349, 0.044574976)"
72,0,0,"(1.6347328, -1.7113676)"
73,0,1,"(-2.1898267, 2.088481)"
74,0,1,"(-2.3436556, 2.046326)"
75,0,0,"(0.76351696, -0.78551924)"
76,0,0,"(0.2997996, -0.43471968)"
77,0,1,"(-0.85605145, 0.6810428)"
78,0,0,"(0.7123533, -0.83114916)"
79,0,1,"(-1.1902971, 1.0287365)"
80,0,0,"(0.9690838, -1.0855587)"
81,1,1,"(-1.0404279, 0.7872013)"
82,0,1,"(-0.28149325, 0.04446117)"
83,1,1,"(-1.537123, 1.3345695)"
84,0,1,"(-1.0335824, 0.8213407)"
85,0,1,"(-0.37829316, 0.27877316)"
86,0,1,"(-1.6295803, 1.4647784)"
87,0,1,"(-1.915194, 1.7217965)"
88,0,0,"(0.62164265, -0.711122)"
89,0,1,"(-0.09028884, -0.00584957)"
90,0,1,"(-2.9346435, 2.586412)"
91,0,0,"(1.285706, -1.4270577)"
92,1,0,"(0.37403518, -0.7028065)"
93,0,1,"(-1.1981035, 1.0277183)"
94,0,0,"(0.90848124, -0.9655394)"
95,0,0,"(0.8131016, -1.1183248)"
96,0,1,"(-1.3796074, 1.1541114)"
97,0,0,"(0.9340967, -1.0306618)"
98,0,0,"(1.5265988, -1.5279356)"
99,0,0,"(0.49623942, -0.5857879)"
100,0,1,"(-0.64159095, 0.561568)"
101,1,1,"(-1.9885206, 1.6002998)"
102,0,0,"(1.6597302, -1.7556436)"
103,0,0,"(1.2177444, -1.331314)"
104,0,1,"(-1.9628117, 1.73948)"
105,0,0,"(0.48951143, -0.6044492)"
106,1,0,"(0.82934713, -1.0125585)"
107,1,1,"(-1.0534303, 0.9079491)"
108,0,0,"(1.0347145, -1.1958407)"
109,1,0,"(1.3605926, -1.4699328)"
110,0,1,"(-1.9949294, 1.7421532)"
111,0,1,"(-0.672448, 0.47213465)"
112,0,1,"(-1.215854, 0.89247525)"
113,0,0,"(0.1433211, -0.22809434)"
114,0,0,"(0.09748362, -0.22259882)"
115,1,0,"(0.40114892, -0.62528944)"
116,0,0,"(0.48879302, -0.6723664)"
117,0,0,"(1.7684507, -1.775451)"
118,0,0,"(0.2416275, -0.36367738)"
119,1,0,"(2.364356, -2.502214)"
120,0,0,"(1.2783897, -1.2999032)"
121,0,1,"(-1.6480082, 1.4010508)"
122,1,0,"(0.27101365, -0.53668797)"
123,1,1,"(-0.76492023, 0.52326274)"
124,1,0,"(1.2156291, -1.3236258)"
125,1,0,"(1.2705672, -1.5282335)"
126,0,1,"(-1.1290343, 0.8874608)"
127,0,0,"(1.6022079, -1.8639497)"
128,1,1,"(-0.117793776, 0.02225147)"
129,0,1,"(-0.30164248, 0.14207816)"
130,1,0,"(1.6244259, -1.7398399)"
131,0,1,"(-0.3405495, 0.22759138)"
132,0,0,"(0.72568357, -0.80808246)"
133,0,1,"(-1.7155238, 1.4118851)"
134,0,1,"(-1.8961596, 1.6284807)"
135,1,1,"(-0.78487164, 0.32086128)"
136,0,1,"(-2.9006715, 2.5522256)"
137,0,1,"(-0.9449287, 0.78796756)"
138,0,1,"(-1.4090462, 1.2117362)"
139,0,0,"(0.5857984, -0.7071716)"
140,0,0,"(0.3064254, -0.40727046)"
141,0,1,"(-0.70145285, 0.62504876)"
142,1,0,"(0.20607145, -0.30778557)"
143,0,0,"(1.3102217, -1.5214698)"
144,1,1,"(-2.189887, 1.8533683)"
145,0,0,"(0.47123283, -0.79468)"
146,0,0,"(0.6326786, -0.72181)"
147,0,0,"(-0.04646399, -0.13828075)"
148,1,0,"(1.345095, -1.5593383)"
149,0,1,"(-0.96917367, 0.7688831)"
150,0,0,"(0.9389907, -1.1311741)"
151,1,1,"(-1.1867526, 1.0912592)"
152,0,0,"(0.4369481, -0.70854414)"
153,0,0,"(0.3708713, -0.7403649)"
154,0,0,"(0.23933105, -0.4842394)"
155,0,1,"(-0.24839652, 0.06464814)"
156,1,0,"(0.54867625, -0.71489125)"
157,0,1,"(-0.07230911, 0.009077394)"
158,1,0,"(1.2522423, -1.4567523)"
159,0,0,"(2.1126301, -2.087511)"
160,1,1,"(-2.4855032, 2.2517161)"
161,0,0,"(0.38706005, -0.5164667)"
162,1,0,"(-0.025394484, -0.25091347)"
163,0,0,"(1.0795445, -1.305697)"
164,0,0,"(0.22134647, -0.41251403)"
165,0,0,"(1.1161592, -1.2194762)"
166,0,0,"(1.7283697, -1.8573766)"
167,0,0,"(0.050625782, -0.2647397)"
168,1,0,"(-0.079640895, -0.08794359)"
169,0,0,"(-0.0788102, -0.13624667)"
170,0,0,"(0.028736318, -0.08270563)"
171,0,1,"(-0.87472975, 0.7424794)"
172,0,0,"(0.54007465, -0.5987009)"
173,0,1,"(-0.88497734, 0.59992194)"
174,0,1,"(-0.8800804, 0.58954895)"
175,1,0,"(0.9966798, -1.0890665)"
176,0,1,"(-1.1198968, 0.97810054)"
177,0,0,"(3.1831355, -3.1788418)"
178,0,1,"(-1.3216264, 1.1282502)"
179,0,1,"(-1.3847475, 1.2587643)"
180,1,1,"(-1.1747537, 0.8803823)"
181,0,0,"(0.45815435, -0.6038022)"
182,1,0,"(0.0618111, -0.24391833)"
183,0,1,"(-0.3218224, 0.19383575)"
184,0,0,"(0.94545877, -1.2602301)"
185,0,0,"(0.6727554, -0.7548686)"
186,0,1,"(-0.9084927, 0.7264941)"
187,0,0,"(1.2297635, -1.3653436)"
188,1,0,"(0.65040207, -0.6924995)"
189,0,0,"(0.97737074, -1.1156647)"
190,0,0,"(2.2447057, -2.273909)"
191,0,0,"(0.9305606, -0.9377041)"
192,0,1,"(-2.0059714, 1.8060138)"
193,1,1,"(-0.12383282, 0.028842831)"
194,0,1,"(-0.18539143, 0.0069693206)"
195,1,1,"(-1.7336354, 1.4741786)"
196,0,0,"(0.7419366, -0.8125866)"
197,0,0,"(1.0282296, -1.1008184)"
198,0,1,"(-0.27091753, 0.23063402)"
199,0,0,"(0.71757925, -0.8634504)"
200,0,1,"(-1.4148178, 1.2451041)"
201,0,0,"(1.7769997, -1.7620087)"
202,0,0,"(0.69962406, -0.89506036)"
203,0,0,"(0.878659, -0.97374415)"
204,1,1,"(-1.3999746, 1.1266478)"
205,0,0,"(1.2938216, -1.3513992)"
206,0,0,"(1.3978763, -1.5388377)"
207,0,0,"(0.3331563, -0.46398535)"
208,0,1,"(-2.5535562, 2.243595)"
209,1,1,"(-2.7210522, 2.4481719)"
210,0,1,"(-0.34781724, 0.20210126)"
211,0,0,"(1.2864518, -1.5889635)"
212,0,0,"(1.6084508, -1.6439068)"
213,0,0,"(0.6884764, -0.8210947)"
214,0,0,"(0.8012089, -0.86174697)"
215,0,1,"(-2.587783, 2.2739263)"
216,1,1,"(-1.7168056, 1.4810884)"
217,0,0,"(0.6001464, -0.6922107)"
218,0,0,"(1.5653573, -1.7333115)"
219,0,0,"(0.5881628, -0.831915)"
220,0,1,"(-0.47657758, 0.36819053)"
221,0,0,"(1.3013878, -1.3087974)"
222,0,1,"(-1.1824995, 1.0351437)"
223,0,1,"(-0.42436224, 0.2838076)"
224,0,0,"(2.0501323, -2.1684713)"
225,0,0,"(0.2145848, -0.3665036)"
226,0,0,"(1.8682189, -1.975213)"
227,0,0,"(0.24225345, -0.3669422)"
228,1,1,"(-1.2679567, 1.098129)"
229,0,1,"(-0.30331576, 0.094920784)"
230,0,1,"(-1.1077776, 0.7752098)"
231,0,1,"(-2.296526, 2.0181231)"
232,0,1,"(-2.0188231, 1.7174371)"
233,1,0,"(0.71095353, -0.8942362)"
234,0,1,"(-1.0245347, 0.7646519)"
235,0,1,"(-1.7905781, 1.5022544)"
236,0,0,"(0.65633845, -0.98399234)"
237,0,1,"(-1.8747241, 1.6195246)"
238,0,1,"(-0.64409685, 0.4790991)"
239,0,1,"(-1.8287303, 1.7068453)"
240,0,1,"(-2.6023736, 2.3557978)"
241,0,0,"(0.51966, -0.61009717)"
242,0,0,"(0.34336048, -0.44767094)"
243,0,0,"(1.3859965, -1.4857042)"
244,0,0,"(1.5262287, -1.5524018)"
245,0,0,"(0.3811109, -0.63240093)"
246,0,1,"(-2.5125213, 2.2118843)"
247,1,0,"(1.1798761, -1.2756264)"
248,1,1,"(-0.25461695, 0.06649019)"
249,0,1,"(-0.2600088, 0.09759005)"
250,0,1,"(-1.2629015, 1.1905935)"
251,0,0,"(1.411917, -1.5086648)"
252,0,1,"(-0.6776383, 0.41919664)"
253,0,1,"(-0.6516895, 0.45067817)"
254,0,0,"(0.07428165, -0.17005435)"
255,1,1,"(-0.28735524, 0.062623315)"
256,0,1,"(-0.82302, 0.5406851)"
257,0,0,"(2.2339282, -2.4112043)"
258,0,1,"(-1.7142572, 1.536823)"
259,0,1,"(-0.88297176, 0.6128901)"
260,0,0,"(0.527328, -0.6483078)"
261,0,1,"(-1.7608037, 1.4567714)"
262,0,0,"(0.4595986, -0.57253563)"
263,1,0,"(0.09917604, -0.3249871)"
264,0,0,"(1.383142, -1.4981674)"
265,1,1,"(-0.22408442, 0.03686304)"
266,0,1,"(-0.66902405, 0.51006955)"
267,0,0,"(0.4276305, -0.7211702)"
268,0,1,"(-1.1635838, 0.8645278)"
269,0,1,"(-1.7499974, 1.4434078)"
270,0,0,"(1.9029295, -2.074583)"
271,0,0,"(0.28544843, -0.372149)"
272,0,0,"(1.8385181, -2.0146856)"
273,0,1,"(-0.24100354, 0.17888087)"
274,0,1,"(-0.12400137, -0.08153781)"
275,0,0,"(1.6157784, -1.7132365)"
276,0,0,"(0.057515115, -0.2746305)"
277,0,1,"(-1.0685498, 0.87726104)"
278,0,1,"(-1.0884185, 0.8675976)"
279,0,0,"(1.7687916, -1.8643064)"
280,0,0,"(1.6128411, -1.7987944)"
281,0,0,"(1.6712966, -1.8193681)"
282,0,0,"(0.98520714, -1.1598352)"
283,1,0,"(2.2728515, -2.3648477)"
284,1,1,"(-1.7783135, 1.5489012)"
285,0,1,"(-0.503363, 0.31343454)"
286,0,1,"(-0.3638457, 0.15453328)"
287,0,1,"(-0.6455449, 0.4213227)"
288,0,0,"(0.52582407, -0.7763597)"
289,0,0,"(0.03879802, -0.35071263)"
290,0,1,"(-0.92461133, 0.7109796)"
291,0,0,"(2.103488, -2.180923)"
292,1,1,"(-1.7659426, 1.5121403)"
293,0,1,"(-1.0503125, 1.0100325)"
294,1,1,"(-0.5838289, 0.37769896)"
295,0,1,"(-0.4677164, 0.33372462)"
296,1,1,"(-1.7009344, 1.5153905)"
297,1,0,"(2.153053, -2.2667634)"
298,0,1,"(-0.99482757, 0.9560578)"
299,1,0,"(1.4847946, -1.7387886)"
300,0,1,"(-2.2199624, 1.8909389)"
301,0,0,"(0.29208705, -0.4048251)"
302,0,0,"(1.9782139, -1.9665005)"
303,0,1,"(-0.15532307, 0.05858301)"
304,0,1,"(-1.4509435, 1.3027289)"
305,1,1,"(-2.2371807, 1.9694078)"
306,0,0,"(0.3100738, -0.3928342)"
307,0,0,"(1.8345249, -1.9220216)"
308,0,0,"(0.83895946, -0.9179137)"
309,0,1,"(-1.1566261, 1.0892191)"
310,0,1,"(-0.5214329, 0.44038978)"
311,0,0,"(0.22089258, -0.31549883)"
312,0,1,"(-0.5867667, 0.48729116)"
313,0,1,"(-0.76791406, 0.47574618)"
314,0,1,"(-1.5105882, 1.3723459)"
315,1,0,"(1.0638455, -1.3127583)"
316,0,1,"(-0.21392182, -0.11965697)"
317,0,0,"(0.8121443, -0.8782373)"
318,0,0,"(0.83679175, -0.9932694)"
319,0,1,"(-0.28459662, 0.118189394)"
320,0,1,"(-1.2105272, 0.94570124)"
321,0,1,"(-0.53357244, 0.51853025)"
322,0,0,"(1.5154867, -1.6859705)"
323,0,1,"(-2.2720287, 1.9618368)"
324,0,0,"(1.5883739, -1.6442314)"
325,1,1,"(-1.4875176, 1.3529985)"
326,1,1,"(-0.14839967, 0.0053186044)"
327,0,1,"(-0.4845339, 0.226248)"
328,0,1,"(-0.110151894, -0.109594636)"
329,0,1,"(-1.728852, 1.4242224)"
330,1,0,"(1.8452951, -1.9793944)"
331,0,1,"(-1.6588459, 1.2855889)"
332,0,0,"(2.7680197, -2.906354)"
333,0,0,"(2.1388218, -2.3022828)"
334,1,0,"(0.7207505, -1.0200807)"
335,0,0,"(1.7307309, -1.8056643)"
336,0,1,"(-1.2326155, 1.1414609)"
337,0,1,"(-0.9960252, 0.9847175)"
338,0,0,"(-0.009677043, -0.28017825)"
339,0,0,"(0.15626019, -0.34310406)"
340,0,0,"(1.4953778, -1.670022)"
341,1,0,"(0.007110486, -0.25568405)"
342,0,1,"(-0.88737035, 0.5249161)"
343,1,1,"(-1.6715114, 1.3694756)"
344,0,0,"(1.327785, -1.3676157)"
345,1,1,"(-1.0074024, 0.831845)"
346,0,0,"(1.6233814, -1.9425426)"
347,0,1,"(-0.9293511, 0.66892993)"
348,1,0,"(0.9323764, -1.2856107)"
349,1,0,"(0.38020828, -0.4811144)"
350,1,1,"(-1.2285991, 1.1752974)"
351,0,0,"(1.4332309, -1.5075266)"
352,0,0,"(1.0236406, -1.1758769)"
353,1,1,"(-0.5442347, 0.40304235)"
354,0,0,"(1.0203598, -1.0838401)"
355,1,1,"(-0.4384104, 0.29241136)"
356,0,1,"(-2.297222, 1.9503036)"
357,0,0,"(1.5607367, -1.654821)"
358,1,1,"(-0.8158596, 0.5773511)"
359,0,0,"(0.8937815, -1.0698351)"
360,1,0,"(0.059574742, -0.26785913)"
361,0,0,"(1.2536453, -1.5180888)"
362,0,0,"(1.5586978, -1.6317737)"
363,0,1,"(-2.0751128, 1.6509471)"
364,0,1,"(-1.6423883, 1.3727921)"
365,0,1,"(-0.26398474, 0.08186245)"
366,0,0,"(1.8903515, -2.0922472)"
367,1,0,"(2.0736697, -2.242816)"
368,0,1,"(-1.6894963, 1.3220917)"
369,0,0,"(1.627993, -1.6315795)"
370,0,1,"(-1.1507894, 0.81976765)"
371,0,1,"(-0.8232746, 0.66954446)"
372,1,1,"(-2.2109208, 1.9052634)"
373,0,0,"(1.1931777, -1.4610839)"
374,0,1,"(-1.1057897, 0.9253806)"
375,0,0,"(0.9508332, -1.0592556)"
376,0,0,"(2.3219526, -2.3822498)"
377,1,0,"(2.2550282, -2.3661108)"
378,0,1,"(-1.5827636, 1.3546348)"
379,0,0,"(0.22218317, -0.4136563)"
380,0,1,"(-2.4398775, 2.133594)"
381,0,1,"(-1.5685556, 1.4897089)"
382,0,1,"(-2.1556304, 1.8396275)"
383,0,1,"(-0.74343896, 0.5257114)"
384,0,1,"(-1.7178915, 1.427311)"
385,0,1,"(-2.017705, 1.7591068)"
386,1,1,"(-2.0892963, 1.862734)"
387,0,0,"(1.4872576, -1.6128969)"
388,0,0,"(1.0758696, -1.1383138)"
389,0,0,"(1.2296655, -1.3009627)"
390,0,1,"(-1.0737616, 0.91552776)"
391,1,0,"(2.1294749, -2.2303252)"
392,0,0,"(1.6226044, -1.8087136)"
393,0,1,"(-0.15066299, -0.019127594)"
394,0,1,"(-0.95140874, 0.7853504)"
395,0,0,"(2.1055331, -2.1705885)"
396,0,1,"(-0.68223333, 0.5110242)"
397,0,1,"(-0.18179494, 0.05984356)"
398,0,0,"(1.1772702, -1.333415)"
399,0,1,"(-1.7986529, 1.4117836)"
400,0,0,"(1.9070365, -2.032947)"
401,0,1,"(-1.782033, 1.4590068)"
402,0,0,"(0.8304582, -0.9655368)"
403,0,1,"(-1.3046904, 1.0335654)"
404,0,0,"(2.3765593, -2.3761916)"
405,1,0,"(0.23764634, -0.42421144)"
406,0,1,"(-1.8434908, 1.5786695)"
407,0,0,"(0.41862905, -0.49578443)"
408,0,0,"(1.8266683, -1.8546717)"
409,0,1,"(-1.3540043, 1.0116799)"
410,0,0,"(0.8491396, -0.8023764)"
411,0,0,"(1.4547942, -1.4495356)"
412,0,1,"(-1.5882975, 1.4021025)"
413,0,0,"(1.3638107, -1.462718)"
414,0,1,"(-1.4427247, 1.1065936)"
415,0,1,"(-1.186513, 1.0467155)"
416,0,1,"(-1.1571856, 0.91129446)"
417,0,1,"(-1.6826353, 1.5020385)"
418,1,1,"(-2.533194, 2.2808661)"
419,1,0,"(0.65166056, -0.74967116)"
420,1,1,"(-0.49162412, 0.2712911)"
421,0,1,"(-1.5637553, 1.3327055)"
422,0,0,"(0.76321936, -0.8454353)"
423,0,1,"(-1.7962277, 1.4742885)"
424,1,1,"(-1.4111875, 1.130008)"
425,0,0,"(1.3655686, -1.4590034)"
426,0,0,"(1.0630871, -1.364902)"
427,0,0,"(0.92346895, -1.0407867)"
428,1,0,"(0.36273193, -0.50417215)"
429,0,0,"(0.269741, -0.33708173)"
430,0,1,"(-1.7988086, 1.5340221)"
431,1,1,"(-0.45276117, 0.32687515)"
432,0,1,"(-0.1370651, -0.06119342)"
433,0,0,"(1.9680781, -2.0449038)"
434,0,0,"(2.2866287, -2.3704662)"
435,0,1,"(-0.51517546, 0.29074302)"
436,0,1,"(-0.84186804, 0.66109663)"
437,0,1,"(-0.75956255, 0.6685345)"
438,0,1,"(-1.6513841, 1.452261)"
439,0,0,"(0.5187085, -0.64695275)"
440,0,1,"(-0.51876986, 0.42846423)"
441,0,1,"(-2.2090428, 1.9228454)"
442,0,0,"(1.4354763, -1.5542983)"
443,0,1,"(-0.5961946, 0.50438243)"
444,0,1,"(-1.1777904, 0.93006456)"
445,1,0,"(0.6814345, -0.8381187)"
446,0,0,"(0.56206834, -0.70777905)"
447,0,0,"(1.4256836, -1.538981)"
448,1,1,"(-0.9272537, 0.6877927)"
449,0,0,"(3.0700817, -3.0877266)"
450,0,1,"(-0.4402346, 0.2705055)"
451,0,1,"(-0.624754, 0.4299581)"
452,1,0,"(0.72851115, -0.8261684)"
453,0,1,"(-0.12318685, -0.06847453)"
454,0,0,"(0.5047337, -0.60461235)"
455,1,1,"(-2.8511229, 2.5407293)"
456,0,0,"(1.4100174, -1.5693071)"
457,1,0,"(1.1004989, -1.2650652)"
458,0,0,"(0.849044, -0.9595606)"
459,0,0,"(1.3735707, -1.5052317)"
460,0,1,"(-1.7177488, 1.495872)"
461,1,1,"(-0.95362616, 0.67793846)"
462,0,0,"(2.6224265, -2.6221387)"
463,0,0,"(0.91795546, -0.9445669)"
464,1,0,"(1.0535039, -1.2737458)"
465,0,1,"(-2.030807, 1.7570102)"
466,0,1,"(-1.9070864, 1.7058741)"
467,1,0,"(0.6542648, -0.7790979)"
468,1,0,"(0.028516557, -0.21074736)"
469,0,0,"(0.5308958, -0.575787)"
470,0,0,"(0.62164986, -0.6393434)"
471,1,0,"(1.8703852, -2.0572553)"
472,1,0,"(1.83887, -1.9682715)"
473,0,0,"(1.6214957, -1.745981)"
474,0,0,"(0.4771094, -0.5782927)"
475,0,0,"(0.31923226, -0.5219179)"
476,0,1,"(-0.25227177, 0.06047899)"
477,0,0,"(1.2536435, -1.3323019)"
478,1,1,"(-1.1440067, 0.9931577)"
479,0,0,"(1.5403731, -1.6659899)"
480,0,0,"(0.6638304, -0.6704532)"
481,0,1,"(-0.6852268, 0.5681055)"
482,1,1,"(-2.3975844, 2.0086837)"
483,1,0,"(0.78936183, -0.88695157)"
484,0,0,"(0.28939924, -0.4391244)"
485,1,0,"(1.0282328, -1.1906028)"
486,0,0,"(0.27788004, -0.35107946)"
487,0,0,"(0.5895561, -0.8331517)"
488,0,1,"(-1.1301539, 1.0231386)"
489,0,1,"(-0.9298074, 0.8383282)"
490,0,0,"(0.51143384, -0.7795775)"
491,0,0,"(0.09189446, -0.25414383)"
492,0,0,"(0.8319177, -1.042269)"
493,0,1,"(-1.5238991, 1.216841)"
494,0,1,"(-0.2683542, 0.19593227)"
495,0,0,"(0.7034861, -0.7405614)"
496,1,1,"(-0.8690821, 0.67793185)"
497,0,1,"(-1.5756335, 1.45664)"
498,0,1,"(-1.9093846, 1.6423832)"
499,0,1,"(-2.1035714, 1.8223658)"
500,1,1,"(-1.9771608, 1.6660962)"
501,0,0,"(1.6582103, -1.7980225)"
502,0,0,"(2.0607214, -2.1399322)"
503,0,1,"(-2.3562512, 2.064256)"
504,0,0,"(2.1207955, -2.2439117)"
505,0,1,"(-0.29789412, 0.11271712)"
506,0,0,"(-0.024901064, -0.032317046)"
507,0,1,"(-0.8267858, 0.5785793)"
508,0,1,"(-1.3991404, 1.2000642)"
509,0,1,"(-0.5824541, 0.30627295)"
510,0,1,"(-1.6899455, 1.4560375)"
511,0,1,"(-1.8783267, 1.7133261)"
512,0,0,"(0.52179545, -0.73708296)"
513,0,0,"(-0.11781107, -0.16874751)"
514,1,1,"(-1.5499294, 1.3372076)"
515,1,0,"(0.39660954, -0.44809437)"
516,0,1,"(-0.17883164, 0.08212176)"
517,1,1,"(-1.6689948, 1.3897554)"
518,0,0,"(0.81399286, -0.91203034)"
519,0,1,"(-0.3701539, 0.10869973)"
520,0,0,"(1.6661947, -1.7537112)"
521,0,0,"(0.6729839, -0.7808318)"
522,1,1,"(-0.12124988, -0.047525395)"
523,1,0,"(0.9212886, -1.0599467)"
524,0,1,"(-0.37823638, 0.20012109)"
525,0,1,"(-1.84532, 1.6614344)"
526,0,1,"(-0.4567361, 0.116420776)"
527,0,0,"(1.4752944, -1.5610722)"
528,1,0,"(0.15913637, -0.44842413)"
529,1,1,"(-1.1679018, 1.0408636)"
530,1,0,"(0.5970903, -0.6471895)"
531,0,1,"(-0.75925684, 0.4672007)"
532,0,0,"(1.9894025, -2.119282)"
533,0,0,"(1.2275925, -1.3955786)"
534,0,1,"(-1.5319166, 1.3149617)"
535,0,0,"(0.36876178, -0.54062307)"
536,0,0,"(0.14765686, -0.4865809)"
537,0,0,"(1.9732232, -2.0209508)"
538,0,1,"(-1.243408, 1.0966177)"
539,1,1,"(-1.1127702, 0.88841546)"
540,0,0,"(1.4411709, -1.5829732)"
541,0,1,"(-1.5803864, 1.4981754)"
542,0,0,"(1.0783582, -1.1635637)"
543,0,0,"(0.55044883, -0.6675004)"
544,1,1,"(-1.2271645, 1.0651551)"
545,0,1,"(-0.6895418, 0.53101707)"
546,0,1,"(-2.9089236, 2.6585965)"
547,0,0,"(0.8463079, -0.9552089)"
548,1,1,"(-0.713868, 0.4962398)"
549,0,1,"(-0.7267666, 0.3745398)"
550,0,1,"(-2.5354002, 2.284988)"
551,0,1,"(-1.1919472, 0.96311295)"
552,0,1,"(-0.78401715, 0.6476933)"
553,0,0,"(0.9578185, -1.108073)"
554,1,0,"(-0.02946128, -0.06965442)"
555,0,1,"(-1.3517613, 1.2291274)"
556,1,1,"(-2.3469706, 2.0116863)"
557,0,1,"(-0.4817359, 0.2678974)"
558,0,1,"(-0.05561136, -0.053623687)"
559,0,1,"(-0.24994561, 0.12240072)"
560,0,0,"(0.8986683, -1.0662944)"
561,0,1,"(-1.8832731, 1.6389127)"
562,0,0,"(0.22671288, -0.30807492)"
563,1,1,"(-2.3978448, 2.0953379)"
564,0,1,"(-0.22726916, 0.18590385)"
565,0,1,"(-0.22925825, 0.081847295)"
566,0,1,"(-0.5334687, 0.33211634)"
567,0,1,"(-1.1316162, 1.0055752)"
568,0,0,"(0.63332933, -0.91738355)"
569,0,0,"(1.8457034, -1.901724)"
570,0,0,"(0.63665044, -0.90291905)"
571,0,0,"(0.8812922, -1.0617394)"
572,0,1,"(-1.5168905, 1.3291621)"
573,0,0,"(2.1233892, -2.2839918)"
574,0,0,"(1.1025977, -1.1303483)"
575,1,0,"(1.6728824, -1.9072392)"
576,0,0,"(0.7079271, -0.7921152)"
577,0,0,"(0.059281435, -0.17383233)"
578,0,0,"(0.647768, -0.65153635)"
579,0,1,"(-0.7605456, 0.6506028)"
580,0,0,"(1.6827381, -1.8279831)"
581,1,1,"(-0.74469644, 0.58936316)"
582,0,1,"(-1.7141088, 1.4841301)"
583,0,0,"(1.9094825, -2.056334)"
584,1,1,"(-0.72238576, 0.57502925)"
585,0,0,"(1.511476, -1.7070932)"
586,0,1,"(-0.4136492, 0.32188016)"
587,0,1,"(-0.5888308, 0.46734864)"
588,1,1,"(-0.28971547, 0.15219449)"
589,0,0,"(2.2852516, -2.362346)"
590,0,0,"(0.90491045, -1.0043664)"
591,0,0,"(1.7684169, -1.8282065)"
592,0,1,"(-2.3304102, 2.0785236)"
593,0,0,"(1.2435904, -1.5107973)"
594,0,1,"(-2.450974, 2.1332974)"
595,0,0,"(1.5938152, -1.848839)"
596,0,0,"(0.8236818, -0.980226)"
597,0,0,"(1.23646, -1.4111698)"
598,0,1,"(-1.2520275, 1.0407792)"
599,0,1,"(-0.16633877, -0.10307442)"
600,0,1,"(-0.9939014, 0.80596983)"
601,0,0,"(1.7182498, -1.9349737)"
602,0,0,"(0.6596235, -0.8228555)"
603,0,1,"(-2.782496, 2.4693313)"
604,0,0,"(1.3316965, -1.3475819)"
605,1,0,"(0.07109289, -0.26454082)"
606,1,1,"(-0.7754803, 0.73203796)"
607,1,0,"(1.3526447, -1.5995977)"
608,1,0,"(0.6543418, -0.8046839)"
609,0,0,"(1.1996281, -1.287471)"
610,0,0,"(1.9092116, -2.132845)"
611,0,0,"(1.2812247, -1.3700559)"
612,0,0,"(1.4797931, -1.4617906)"
613,0,1,"(-1.0195205, 0.7550837)"
614,0,0,"(0.7090783, -0.8032264)"
615,0,1,"(-0.4267195, 0.13703166)"
616,1,0,"(0.48430157, -0.75954676)"
617,0,0,"(1.1226387, -1.2539154)"
618,0,1,"(-0.98556906, 0.82886267)"
619,0,0,"(0.10262617, -0.28404516)"
620,0,0,"(1.1265457, -1.2570806)"
621,0,0,"(0.061901517, -0.1850788)"
622,0,0,"(0.6460962, -0.7350284)"
623,0,0,"(1.1437562, -1.3379467)"
624,0,0,"(1.6155002, -1.722059)"
625,0,0,"(1.5046545, -1.7851448)"
626,0,0,"(1.0316408, -1.2613666)"
627,1,1,"(-1.301724, 1.2104874)"
628,0,0,"(1.8514962, -1.8930243)"
629,0,0,"(1.6510631, -1.698202)"
630,0,0,"(0.92806333, -0.9835909)"
631,0,0,"(0.8385891, -0.9260241)"
632,0,0,"(1.2017206, -1.2835004)"
633,1,0,"(2.19173, -2.2989676)"
634,0,0,"(1.7471907, -1.9814168)"
635,1,1,"(-1.9723457, 1.7186365)"
636,1,1,"(-0.3333089, 0.1726841)"
637,0,0,"(1.276432, -1.3195405)"
638,0,0,"(0.66149044, -0.83328146)"
639,0,0,"(0.28839427, -0.5076659)"
640,0,1,"(-1.3412657, 1.1026878)"
641,0,1,"(-1.5466008, 1.3471006)"
642,0,1,"(-0.9866793, 0.88617724)"
643,0,0,"(0.4509826, -0.5720831)"
644,1,1,"(-0.8995302, 0.6448719)"
645,0,0,"(1.2822886, -1.3107189)"
646,0,1,"(-1.5616434, 1.3318961)"
647,1,1,"(-2.3646073, 2.1216123)"
648,1,1,"(-1.4217298, 1.1791677)"
649,0,1,"(-1.7626543, 1.6133636)"
650,1,1,"(-0.09205523, -0.06419989)"
651,0,0,"(1.4825189, -1.6701553)"
652,0,1,"(-1.1650605, 0.996331)"
653,0,1,"(-0.6364268, 0.36105573)"
654,0,1,"(-2.25027, 2.0301237)"
655,0,0,"(1.4717623, -1.5534384)"
656,1,1,"(-0.28093487, 0.09479764)"
657,1,1,"(-0.8843895, 0.7441596)"
658,0,0,"(0.94791186, -0.9976787)"
659,0,1,"(-1.3355107, 1.026173)"
660,0,1,"(-0.49047387, 0.2156491)"
661,0,0,"(1.641875, -1.6790609)"
662,0,1,"(-2.3917532, 2.136939)"
663,0,1,"(-1.0741463, 0.92826706)"
664,0,1,"(-1.6922004, 1.4471062)"
665,0,1,"(-1.2533984, 0.98701215)"
666,0,1,"(-2.3894873, 2.1834621)"
667,0,0,"(0.8570359, -1.0294585)"
668,0,0,"(0.9541278, -1.0281446)"
669,0,0,"(0.9659942, -1.0000768)"
670,0,1,"(-0.48744166, 0.31835884)"
671,1,1,"(-0.6592919, 0.28451765)"
672,0,0,"(1.6356193, -1.6999522)"
673,0,1,"(-0.8408598, 0.71134365)"
674,0,1,"(-1.2417, 0.8601433)"
675,0,0,"(0.012985345, -0.22147536)"
676,0,0,"(0.008799415, -0.16949233)"
677,0,1,"(-1.3460279, 1.042076)"
678,0,1,"(-1.062211, 0.873627)"
679,0,0,"(2.113601, -2.047358)"
680,0,1,"(-0.08279375, -0.0007249564)"
681,0,0,"(2.5683365, -2.4933023)"
682,0,0,"(0.13847215, -0.33955652)"
683,0,1,"(-2.2555606, 1.8966386)"
684,1,0,"(2.3721669, -2.494402)"
685,1,0,"(0.40194127, -0.6234009)"
686,0,0,"(0.43369666, -0.71936166)"
687,1,1,"(-0.6084038, 0.51815337)"
688,0,1,"(-0.52562034, 0.21654603)"
689,0,1,"(-0.5020536, 0.383995)"
690,1,1,"(-1.028919, 0.81044114)"
691,0,1,"(-1.7551304, 1.5827255)"
692,1,1,"(-0.4640696, 0.34833306)"
693,0,0,"(1.402041, -1.4429986)"
694,0,0,"(1.772004, -1.9155635)"
695,1,0,"(1.2967691, -1.4185421)"
696,0,1,"(-1.1547599, 0.9943023)"
697,0,0,"(1.1344646, -1.3830804)"
698,0,0,"(-0.03936819, -0.10620153)"
699,0,0,"(1.1107969, -1.2530506)"
700,0,1,"(-1.7174432, 1.7092704)"
701,0,0,"(-0.06034483, -0.19363508)"
702,0,0,"(0.4775014, -0.57988334)"
703,0,0,"(1.4314404, -1.64242)"
704,1,1,"(-1.4969828, 1.2026017)"
705,0,1,"(-1.8971173, 1.7001874)"
706,0,0,"(0.25301877, -0.3592044)"
707,1,1,"(-0.2009654, 0.07264552)"
708,0,0,"(0.06064491, -0.19504826)"
709,0,1,"(-1.1902872, 0.87582064)"
710,1,1,"(-2.4723206, 2.2283216)"
711,0,0,"(0.23876601, -0.4022103)"
712,0,0,"(1.4945124, -1.660822)"
713,0,0,"(1.4397013, -1.5270239)"
714,1,1,"(-1.2469172, 1.044916)"
715,0,0,"(0.7705045, -0.93413293)"
716,1,1,"(-0.9344691, 0.6586516)"
717,0,1,"(-0.82187057, 0.72229564)"
718,0,1,"(-0.9710583, 0.79544914)"
719,0,1,"(-0.28567213, 0.061684392)"
720,0,0,"(0.9031084, -0.9853188)"
721,0,0,"(1.697943, -1.8974485)"
722,1,0,"(0.12754944, -0.36409137)"
723,1,0,"(1.583209, -1.8714857)"
724,0,0,"(2.2608576, -2.303575)"
725,0,0,"(0.80926013, -1.0759592)"
726,0,1,"(-0.3220089, 0.19198349)"
727,0,0,"(1.2023404, -1.309283)"
728,0,1,"(-0.66890675, 0.39511883)"
729,1,1,"(-1.8151102, 1.5399699)"
730,0,1,"(-1.1320004, 0.90470684)"
731,0,1,"(-2.3429165, 1.9933249)"
732,0,1,"(-1.4053936, 1.0585946)"
733,1,0,"(1.3156871, -1.6204567)"
734,0,0,"(0.026800469, -0.16902325)"
735,0,0,"(0.040512756, -0.25008553)"
736,0,0,"(1.1274962, -1.2113787)"
737,0,0,"(1.0384177, -1.1367359)"
738,0,0,"(1.5828671, -1.6654998)"
739,0,1,"(-1.5131097, 1.3667974)"
740,1,1,"(-0.36528385, 0.18787088)"
741,0,0,"(0.45884538, -0.66181767)"
742,0,0,"(1.6814826, -1.6727622)"
743,1,1,"(-0.6598647, 0.41072458)"
744,0,0,"(1.7650499, -1.7798288)"
745,0,0,"(1.3844323, -1.4783642)"
746,0,0,"(0.47194213, -0.56818587)"
747,0,1,"(-1.5225452, 1.3181031)"
748,0,1,"(-0.9419091, 0.8002572)"
749,0,1,"(-0.70914364, 0.68075067)"
750,0,0,"(1.0570108, -1.1608424)"
751,0,1,"(-2.4134622, 2.1152112)"
752,0,1,"(-1.7585568, 1.5283232)"
753,1,1,"(-0.48144555, 0.33522916)"
754,0,0,"(0.86537397, -0.94665575)"
755,1,1,"(-1.2278175, 0.9928912)"
756,1,0,"(0.14019036, -0.24652815)"
757,0,0,"(0.44154534, -0.57317036)"
758,0,0,"(1.3220732, -1.4008687)"
759,1,1,"(-0.20458701, -0.097030714)"
760,0,0,"(2.0730524, -2.2544997)"
761,0,0,"(2.4498625, -2.45076)"
762,0,1,"(-2.9158084, 2.6290913)"
763,1,1,"(-0.62895536, 0.32518005)"
764,1,0,"(0.041654393, -0.2685327)"
765,1,1,"(-2.1845334, 1.8996441)"
766,0,0,"(1.6474156, -1.6122248)"
767,0,1,"(-0.48730505, 0.21208207)"
768,0,1,"(-0.17695194, 0.068584785)"
769,1,0,"(0.4783839, -0.55980086)"
770,0,1,"(-1.9154216, 1.6516182)"
771,0,0,"(0.13778974, -0.35806578)"
772,0,1,"(-2.386441, 2.0299902)"
773,0,1,"(-0.5127723, 0.26968884)"
774,0,0,"(1.2296114, -1.3281367)"
775,0,0,"(2.325139, -2.4476037)"
776,0,0,"(0.51360214, -0.5895974)"
777,0,0,"(1.2550514, -1.3154922)"
778,0,1,"(-0.32000405, 0.106269374)"
779,1,0,"(0.2757638, -0.58159524)"
780,0,1,"(-1.1164806, 0.88117516)"
781,0,0,"(0.8961817, -1.0659928)"
782,0,1,"(-0.8283181, 0.6796185)"
783,0,0,"(2.5428143, -2.557485)"
784,0,0,"(1.8540618, -1.9054471)"
785,0,1,"(-0.29630527, 0.13720647)"
786,0,0,"(-0.059845638, -0.06469306)"
787,0,1,"(-1.3348757, 1.297102)"
788,0,0,"(1.154168, -1.3151822)"
789,0,0,"(0.7256774, -0.9506986)"
790,0,0,"(0.46581602, -0.50411266)"
791,0,1,"(-2.061059, 1.7380505)"
792,0,1,"(-2.0035405, 1.7348895)"
793,0,0,"(0.1788958, -0.36351684)"
794,0,1,"(-1.769033, 1.5539845)"
795,0,1,"(-1.8973215, 1.7035866)"
796,0,0,"(2.7721024, -2.749009)"
797,0,0,"(0.14212467, -0.30710787)"
798,1,0,"(0.87397027, -1.2076858)"
799,0,0,"(1.5714719, -1.7197886)"
800,0,1,"(-0.24953488, -0.095390454)"
801,0,1,"(-1.9656906, 1.7151763)"
802,1,0,"(1.0656191, -1.327943)"
803,0,1,"(-1.5870981, 1.4611068)"
804,0,0,"(1.0633032, -1.1349163)"
805,1,1,"(-1.9011965, 1.6275694)"
806,1,1,"(-1.0124835, 0.8242761)"
807,1,1,"(-0.7461877, 0.5008897)"
808,0,0,"(0.87384355, -1.1695334)"
809,0,1,"(-1.6283685, 1.35215)"
810,0,1,"(-0.5730579, 0.34037116)"
811,0,0,"(0.70535326, -0.78168005)"
812,1,1,"(-1.7511389, 1.4822967)"
813,0,0,"(1.3043013, -1.4356313)"
814,1,1,"(-1.9332957, 1.6238861)"
815,0,1,"(-1.4830639, 1.3776605)"
816,0,0,"(0.62469876, -0.7968312)"
817,0,1,"(-1.0612314, 0.6487422)"
818,0,0,"(0.62535286, -0.94408226)"
819,0,0,"(1.8897009, -2.0018806)"
820,0,0,"(0.004361715, -0.1451616)"
821,0,0,"(1.8580668, -1.9891613)"
822,0,0,"(1.0425912, -1.109204)"
823,0,1,"(-0.62019086, 0.4662518)"
824,0,0,"(1.8823361, -2.0011704)"
825,0,1,"(-0.15217826, -0.06434003)"
826,1,0,"(0.7222321, -0.82772624)"
827,1,0,"(0.56291413, -0.7459944)"
828,1,0,"(0.7077563, -0.9874356)"
829,0,0,"(0.70847803, -0.79906076)"
830,0,0,"(0.37566036, -0.6173653)"
831,0,0,"(0.37132463, -0.44781256)"
832,0,1,"(-1.2019622, 0.8250494)"
833,0,1,"(-1.7456393, 1.51665)"
834,1,0,"(0.4551981, -0.6068872)"
835,0,1,"(-2.0245109, 1.7614312)"
836,0,0,"(1.739487, -1.8406961)"
837,0,1,"(-0.3405164, 0.23983216)"
838,0,1,"(-0.8290025, 0.54917306)"
839,0,0,"(2.4346986, -2.5409298)"
840,0,0,"(-0.02616269, -0.13279544)"
841,0,1,"(-0.18856603, -0.0077596977)"
842,1,1,"(-0.6516675, 0.5958053)"
843,1,1,"(-1.0389415, 0.78965807)"
844,0,1,"(-1.4209404, 1.2307789)"
845,0,1,"(-1.13674, 0.91151774)"
846,0,1,"(-0.6019602, 0.4801709)"
847,0,0,"(-0.013526347, -0.09861431)"
848,1,0,"(1.030046, -1.211719)"
849,0,0,"(1.4374413, -1.6364812)"
850,0,0,"(0.23148039, -0.36185196)"
851,0,0,"(1.9413192, -1.9875238)"
852,1,0,"(2.2393532, -2.3077917)"
853,0,0,"(2.1838386, -2.217187)"
854,0,1,"(-0.8029396, 0.6231531)"
855,0,1,"(-0.89544934, 0.7427912)"
856,0,1,"(-1.6244897, 1.3269408)"
857,0,0,"(0.34362856, -0.5498712)"
858,0,1,"(-1.8091097, 1.5255495)"
859,0,0,"(2.084978, -2.181861)"
860,0,0,"(0.32302648, -0.43951905)"
861,0,0,"(2.0701752, -2.1809382)"
862,0,0,"(1.0674992, -1.1592548)"
863,1,1,"(-0.7724445, 0.582031)"
864,0,0,"(1.40382, -1.5186319)"
865,1,1,"(-0.9827848, 0.6415932)"
866,0,1,"(-2.2962794, 1.94702)"
867,0,1,"(-0.22283229, 0.05444351)"
868,0,0,"(1.191921, -1.2013973)"
869,0,0,"(1.1970472, -1.413229)"
870,0,1,"(-0.27733415, -0.03988933)"
871,0,0,"(1.320725, -1.3984008)"
872,0,1,"(-1.1051613, 0.87862635)"
873,1,0,"(2.2997196, -2.411925)"
874,0,0,"(1.8880682, -1.9746733)"
875,0,0,"(2.2039945, -2.2786837)"
876,0,1,"(-2.410252, 2.1066842)"
877,0,1,"(-2.4190667, 2.0958462)"
878,1,1,"(-1.973196, 1.6012081)"
879,1,0,"(0.007688832, -0.27235165)"
880,1,0,"(0.1050434, -0.2484812)"
881,0,0,"(1.0331445, -1.1327362)"
882,0,0,"(1.2491344, -1.3935435)"
883,0,0,"(1.8452555, -2.0910013)"
884,0,1,"(-0.35776424, 0.17134424)"
885,1,1,"(-1.298038, 0.96099484)"
886,1,0,"(0.67776364, -0.91393566)"
887,1,1,"(-0.3650672, 0.022331782)"
888,1,1,"(-1.3259305, 0.84388876)"
889,0,0,"(0.6606957, -0.7323829)"
890,0,0,"(1.50507, -1.5786588)"
891,1,1,"(-0.41187668, 0.17829823)"
892,1,0,"(0.17324018, -0.3149933)"
893,0,0,"(0.34454155, -0.5004383)"
894,0,1,"(-0.40545958, 0.2856835)"
895,1,0,"(0.5846697, -0.7170192)"
896,0,0,"(0.34640363, -0.521456)"
897,0,0,"(1.3070114, -1.3903862)"
898,1,1,"(-1.6859562, 1.4747738)"
899,1,1,"(-0.6986213, 0.30561763)"
900,0,1,"(-1.508544, 1.2602005)"
901,0,1,"(-2.1836505, 1.9468906)"
902,0,1,"(-0.21503916, -0.043290075)"
903,1,0,"(0.6468113, -0.79022217)"
904,0,1,"(-2.1338806, 1.8957249)"
905,0,0,"(1.1712693, -1.2313324)"
906,0,0,"(1.3479466, -1.4520218)"
907,0,1,"(-0.85153973, 0.6653213)"
908,0,0,"(0.78015673, -0.9038077)"
909,0,1,"(-2.1177242, 1.8474224)"
910,1,1,"(-1.0351555, 0.8515922)"
911,0,0,"(0.6247963, -1.0341216)"
912,0,0,"(1.0116838, -1.0251844)"
913,0,0,"(1.9641688, -2.0148194)"
914,0,1,"(-1.2075083, 1.1181561)"
915,0,1,"(-2.6457253, 2.3677275)"
916,0,1,"(-1.7456417, 1.403873)"
917,0,1,"(-2.1481814, 1.8894978)"
918,0,0,"(0.32320893, -0.47199672)"
919,0,1,"(-2.2821183, 1.8748709)"
920,0,1,"(-1.5427413, 1.3062608)"
921,0,1,"(-1.8733366, 1.6157888)"
922,0,0,"(2.13896, -2.206987)"
923,0,1,"(-1.4567521, 1.211324)"
924,1,1,"(-1.1651589, 0.9267429)"
925,0,1,"(-0.6833246, 0.27675632)"
926,1,0,"(0.71943337, -0.8491074)"
927,0,1,"(-0.97346616, 0.7670035)"
928,1,0,"(0.2817791, -0.48440444)"
929,0,0,"(1.4113058, -1.4632583)"
930,0,1,"(-0.5592996, 0.3693747)"
931,1,1,"(-1.5374863, 1.3145199)"
932,0,1,"(-0.13757366, 0.035373107)"
933,0,0,"(2.3705802, -2.3802123)"
934,0,1,"(-0.9142487, 0.7383901)"
935,0,0,"(1.1193752, -1.1307762)"
936,0,1,"(-2.8153942, 2.478022)"
937,0,1,"(-1.8958004, 1.4579403)"
938,0,0,"(0.53458226, -0.6052141)"
939,0,1,"(-1.2719648, 1.0383835)"
940,0,1,"(-1.0977324, 0.83924186)"
941,0,1,"(-0.3965491, 0.3216228)"
942,0,1,"(-0.8512216, 0.580752)"
943,0,0,"(1.6370523, -1.8636928)"
944,0,0,"(0.62905365, -0.80745924)"
945,1,0,"(1.7376107, -1.9109163)"
946,0,1,"(-2.611054, 2.2589831)"
947,0,1,"(-2.43428, 2.1564603)"
948,0,0,"(-0.021720115, -0.22617751)"
949,0,0,"(1.4071977, -1.3731879)"
950,1,0,"(-0.011473216, -0.10697492)"
951,0,1,"(-1.6346503, 1.3801123)"
952,0,0,"(0.5573408, -0.7417286)"
953,0,0,"(0.08290086, -0.1838187)"
954,1,1,"(-1.29807, 1.074624)"
955,1,1,"(-0.4870367, 0.06810763)"
956,0,1,"(-1.1070735, 1.1171873)"
957,0,0,"(0.9035218, -1.0682284)"
958,0,1,"(-1.6843767, 1.3195724)"
959,0,0,"(0.8567903, -0.95145977)"
960,0,0,"(0.15766108, -0.22125244)"
961,0,0,"(1.5951129, -1.6856457)"
962,0,0,"(0.35874903, -0.5194432)"
963,0,1,"(-1.9942153, 1.7212787)"
964,0,1,"(-1.9425719, 1.6431143)"
965,0,1,"(-2.2612908, 1.9744806)"
966,0,0,"(1.1145731, -1.2259417)"
967,0,0,"(-0.0029083826, -0.10448766)"
968,0,1,"(-0.38688463, 0.22898997)"
969,0,0,"(1.975384, -2.1662583)"
970,0,1,"(-2.092866, 1.7880464)"
971,0,0,"(0.22313786, -0.33787042)"
972,0,1,"(-0.811188, 0.4047476)"
973,0,0,"(0.5732687, -0.6005772)"
974,0,1,"(-1.7540436, 1.3999081)"
975,1,0,"(0.26776692, -0.5101144)"
976,0,1,"(-1.1203462, 0.9081286)"
977,0,1,"(-0.06057954, -0.04393895)"
978,0,0,"(0.5614793, -0.7396108)"
979,0,0,"(1.520423, -1.6403351)"
980,0,1,"(-0.30279946, 0.17482066)"
981,0,0,"(0.31467173, -0.2849977)"
982,0,0,"(1.1594687, -1.3099481)"
983,0,0,"(0.103593715, -0.17390382)"
984,1,0,"(0.5992098, -0.79622865)"
985,1,1,"(-0.78027666, 0.4957164)"
986,1,0,"(2.120172, -2.2301254)"
987,1,0,"(0.16307369, -0.44066843)"
988,0,0,"(1.6357572, -1.6965005)"
989,0,0,"(1.2947099, -1.4191008)"
990,0,1,"(-0.78543574, 0.6853782)"
991,0,0,"(2.2170267, -2.281855)"
992,0,1,"(-1.4836807, 1.2893445)"
993,0,1,"(-0.9900629, 0.6836051)"
994,1,1,"(-2.4557815, 2.1854463)"
995,1,1,"(-1.8003838, 1.5088677)"
996,0,1,"(-0.33102292, 0.16468292)"
997,0,0,"(1.0143458, -1.0830312)"
998,0,0,"(1.4298558, -1.545903)"
999,1,0,"(0.6440846, -0.7775034)"
1000,0,0,"(2.3304858, -2.4388733)"
1001,0,0,"(2.0356603, -2.0776777)"
1002,0,0,"(1.8743151, -1.8813987)"
1003,1,1,"(-1.4371469, 1.2265263)"
1004,0,0,"(0.52011573, -0.6290298)"
1005,1,1,"(-2.7969513, 2.5187194)"
1006,0,0,"(1.7914455, -1.9401087)"
1007,1,1,"(-1.9952004, 1.7120088)"
1008,0,1,"(-1.0034914, 0.8246741)"
1009,0,0,"(0.83190584, -1.0176084)"
1010,0,1,"(-0.3930785, 0.1254568)"
1011,0,0,"(2.5998073, -2.552609)"
1012,0,0,"(0.115142375, -0.40727633)"
1013,0,1,"(-0.8761581, 0.5882837)"
1014,0,1,"(-1.29229, 1.0675488)"
1015,0,0,"(0.24902993, -0.41740757)"
1016,0,1,"(-1.3900144, 1.2448099)"
1017,0,1,"(-0.3657981, 0.16751854)"
1018,1,1,"(-0.32774913, 0.06706601)"
1019,0,0,"(-0.0343754, -0.06516606)"
1020,0,0,"(3.128728, -3.1153588)"
1021,0,1,"(-2.0598698, 1.8086617)"
1022,0,1,"(-0.44578686, 0.31807607)"
1023,0,0,"(1.4857264, -1.6868699)"
1024,0,0,"(1.5345008, -1.6924293)"
1025,0,0,"(0.9558646, -1.014984)"
1026,0,0,"(1.1686846, -1.2615042)"
1027,0,0,"(1.5303941, -1.743)"
1028,0,0,"(0.048898686, -0.16636041)"
1029,1,1,"(-0.42720038, 0.2370131)"
1030,0,0,"(1.678194, -1.7220335)"
1031,0,1,"(-1.0288913, 0.78652346)"
1032,1,0,"(1.2450867, -1.2830379)"
1033,0,0,"(0.94159603, -1.0045716)"
1034,1,1,"(-2.2818277, 2.032351)"
1035,1,1,"(-1.5011797, 1.3080741)"
1036,1,1,"(-1.5231845, 1.3340524)"
1037,0,0,"(2.1740513, -2.2127647)"
1038,0,1,"(-1.0722736, 0.7535325)"
1039,1,0,"(1.2724161, -1.3925976)"
1040,1,1,"(-1.0115951, 0.73950946)"
1041,0,0,"(1.5318754, -1.6172227)"
1042,0,0,"(0.35107782, -0.52634156)"
1043,0,1,"(-2.0352244, 1.7703143)"
1044,1,1,"(-0.2139509, -0.092553526)"
1045,0,0,"(1.2745817, -1.3284185)"
1046,0,1,"(-1.7971907, 1.492245)"
1047,0,0,"(2.119924, -2.1310518)"
1048,0,1,"(-0.5073269, 0.33022457)"
1049,0,0,"(0.7420701, -0.80717456)"
1050,0,0,"(0.054904282, -0.29184157)"
1051,0,0,"(1.5645683, -1.7484735)"
1052,0,0,"(0.8632442, -0.9440391)"
1053,0,0,"(1.1981409, -1.3653415)"
1054,0,1,"(-0.14971608, -0.02626701)"
1055,0,0,"(0.38176066, -0.5014987)"
1056,0,0,"(0.23818573, -0.30179474)"
1057,0,1,"(-1.851718, 1.5642425)"
1058,0,0,"(1.4019666, -1.6504862)"
1059,0,0,"(1.3524959, -1.4706547)"
1060,0,0,"(1.9023843, -1.9544753)"
1061,0,0,"(1.1906648, -1.2911272)"
1062,0,1,"(-0.84106886, 0.7803006)"
1063,1,0,"(0.89680237, -0.9414767)"
1064,0,0,"(0.2990728, -0.32989216)"
1065,0,1,"(-0.55045414, 0.38489723)"
1066,1,0,"(0.31421432, -0.5162636)"
1067,0,1,"(-1.318342, 1.0324975)"
1068,0,0,"(0.5508329, -0.59299624)"
1069,0,1,"(-0.58119655, 0.48241174)"
1070,0,0,"(0.73564696, -0.9260324)"
1071,1,1,"(-1.0961294, 0.8023045)"
1072,0,0,"(-0.0065707453, -0.0699749)"
1073,0,1,"(-1.7863907, 1.6107242)"
1074,1,1,"(-2.916963, 2.5942314)"
1075,1,1,"(-1.695399, 1.5055712)"
1076,1,1,"(-1.1446397, 0.7623551)"
1077,0,1,"(-0.5816642, 0.59842813)"
1078,1,1,"(-1.1450006, 0.92402726)"
1079,0,0,"(1.6545638, -1.7631896)"
1080,0,0,"(1.7535174, -1.8526103)"
1081,0,0,"(1.3635153, -1.4301022)"
1082,0,1,"(-0.5267627, 0.39862937)"
1083,0,1,"(-2.5398273, 2.271255)"
1084,0,0,"(1.9358345, -2.0551925)"
1085,0,0,"(1.2957478, -1.4038887)"
1086,1,1,"(-2.2312455, 1.9568174)"
1087,0,0,"(1.2684093, -1.3459244)"
1088,0,1,"(-0.2475073, 0.15983982)"
1089,0,0,"(0.32010925, -0.33756277)"
1090,1,1,"(-2.6844249, 2.371458)"
1091,0,0,"(-0.045841843, -0.13988419)"
1092,0,0,"(2.7065363, -2.8356338)"
1093,0,0,"(0.94163036, -1.0906745)"
1094,0,0,"(1.5402887, -1.6278391)"
1095,0,1,"(-0.2685955, 0.19630611)"
1096,0,0,"(0.41638285, -0.8136512)"
1097,0,1,"(-1.0000272, 0.78787327)"
1098,0,0,"(1.8570424, -1.9919341)"
1099,1,1,"(-0.4826277, 0.16450357)"
1100,0,1,"(-1.0306861, 0.94033206)"
1101,0,0,"(0.20956223, -0.24428028)"
1102,0,1,"(-0.3751452, 0.20364001)"
1103,0,0,"(1.4486029, -1.5014396)"
1104,1,0,"(0.07396532, -0.28369886)"
1105,0,0,"(2.96716, -2.9161246)"
1106,0,1,"(-1.7387168, 1.4678475)"
1107,0,0,"(0.23520555, -0.41159844)"
1108,0,0,"(1.2591519, -1.5881848)"
1109,1,1,"(-0.23571303, -0.04842592)"
1110,0,1,"(-1.9454187, 1.6753043)"
1111,0,0,"(0.7058693, -0.7583001)"
1112,0,0,"(-0.02540881, -0.10528812)"
1113,1,1,"(-1.6735603, 1.4007461)"
1114,0,0,"(0.025554346, -0.22212926)"
1115,0,1,"(-1.2987661, 1.15626)"
1116,0,0,"(0.908551, -1.2784901)"
1117,0,0,"(0.1912256, -0.27184966)"
1118,0,0,"(1.8897438, -1.9331703)"
1119,0,0,"(2.2052693, -2.2564304)"
1120,1,0,"(0.7526119, -0.88106215)"
1121,0,0,"(0.51466274, -0.68971264)"
1122,1,1,"(-0.29221272, 0.08601962)"
1123,0,1,"(-0.15388112, -0.04843712)"
1124,0,1,"(-1.1712892, 0.86047006)"
1125,0,0,"(0.25023854, -0.42895633)"
1126,0,0,"(1.0608183, -1.3028922)"
1127,0,1,"(-0.06477486, -0.037421934)"
1128,0,0,"(0.26519567, -0.43124026)"
1129,0,1,"(-1.0969838, 1.0000067)"
1130,0,1,"(-3.06278, 2.8152452)"
1131,0,0,"(1.7841768, -1.8851197)"
1132,1,0,"(0.06143162, -0.2852978)"
1133,1,1,"(-0.2605911, -0.00067510456)"
1134,1,1,"(-2.298694, 1.9832093)"
1135,1,0,"(1.5759939, -1.6748273)"
1136,0,0,"(1.3978415, -1.5641422)"
1137,0,0,"(1.0178835, -1.3649524)"
1138,0,1,"(-2.5026832, 2.1857238)"
1139,0,1,"(-1.6800249, 1.2998097)"
1140,0,0,"(1.0166404, -1.132116)"
1141,0,0,"(0.13611996, -0.21970952)"
1142,0,0,"(0.2602774, -0.6077241)"
1143,0,0,"(2.565464, -2.524623)"
1144,0,1,"(-0.8253293, 0.679813)"
1145,0,1,"(-0.92205167, 0.7280453)"
1146,0,0,"(0.768612, -0.88857114)"
1147,1,1,"(-0.30809915, 0.13910452)"
1148,0,0,"(2.022989, -2.1180012)"
1149,0,0,"(-0.026424006, -0.14567202)"
1150,0,0,"(0.04856213, -0.22752444)"
1151,0,1,"(-1.5877415, 1.3989446)"
1152,0,1,"(-0.86783576, 0.6774017)"
1153,0,1,"(-0.8088567, 0.5363327)"
1154,0,1,"(-0.13533129, -0.028297104)"
1155,0,0,"(1.7248082, -1.8569938)"
1156,0,0,"(1.8183591, -1.9209912)"
1157,1,0,"(2.234445, -2.3228288)"
1158,0,0,"(0.9111856, -1.0984902)"
1159,0,1,"(-1.7564917, 1.5110719)"
1160,0,0,"(-0.0149498135, -0.20449401)"
1161,0,0,"(1.4015718, -1.3655163)"
1162,0,1,"(-0.24916238, -0.07262081)"
1163,0,0,"(0.69325626, -0.8457978)"
1164,0,1,"(-0.7570362, 0.49142075)"
1165,1,0,"(1.206873, -1.2720413)"
1166,0,0,"(0.48737139, -0.6200266)"
1167,0,1,"(-0.5732835, 0.2922836)"
1168,1,1,"(-0.88139266, 0.747689)"
1169,0,0,"(0.6230986, -0.7575164)"
1170,0,0,"(0.21595581, -0.5910039)"
1171,1,0,"(1.260571, -1.439808)"
1172,0,1,"(-1.9041932, 1.665868)"
1173,0,0,"(1.6321961, -1.6235301)"
1174,0,1,"(-1.8104521, 1.5842085)"
1175,0,0,"(0.98796606, -1.0979619)"
1176,0,1,"(-1.3906753, 1.1681483)"
1177,1,0,"(0.5470643, -0.71133417)"
1178,0,0,"(0.6487665, -0.79045945)"
1179,0,1,"(-1.6711698, 1.4173717)"
1180,0,1,"(-0.22085842, 0.062396385)"
1181,0,0,"(0.22621852, -0.2544139)"
1182,0,0,"(1.0814809, -1.3927844)"
1183,0,0,"(0.6395019, -0.7755387)"
1184,0,1,"(-1.3368295, 1.2635628)"
1185,0,1,"(-1.4176948, 1.1069937)"
1186,1,0,"(0.37978214, -0.60304666)"
1187,1,1,"(-0.15684472, -0.038878802)"
1188,0,0,"(0.49350983, -0.6287844)"
1189,0,0,"(1.8465242, -2.0772374)"
1190,0,1,"(-0.87102246, 0.67118835)"
1191,1,1,"(-0.3278075, 0.081221454)"
1192,0,0,"(2.1981394, -2.271906)"
1193,0,1,"(-0.95535207, 0.68753606)"
1194,0,1,"(-0.8975948, 0.71138203)"
1195,1,0,"(0.0052445056, -0.3203131)"
1196,0,1,"(-0.09129895, -0.0567998)"
1197,0,1,"(-1.582957, 1.3633053)"
1198,0,0,"(0.80433774, -0.8560315)"
1199,0,1,"(-2.0083437, 1.7533185)"
1200,0,0,"(1.5043955, -1.5414705)"
1201,0,1,"(-2.6489754, 2.33499)"
1202,0,0,"(0.3756531, -0.46005625)"
1203,1,0,"(-0.077776216, -0.12312314)"
1204,0,0,"(1.0745146, -1.0732064)"
1205,1,1,"(-1.7451938, 1.470814)"
1206,0,0,"(0.91946924, -1.1488109)"
1207,0,0,"(1.8175976, -1.9278693)"
1208,0,1,"(-0.6609198, 0.42440024)"
1209,0,0,"(0.61923605, -0.7705019)"
1210,1,0,"(1.1845526, -1.2801123)"
1211,0,0,"(0.6217669, -0.6929902)"
1212,0,1,"(-1.1238714, 0.8846439)"
1213,0,0,"(0.2616285, -0.33583245)"
1214,0,1,"(-0.2370944, 0.19540092)"
1215,1,1,"(-0.55941534, 0.4722451)"
1216,0,1,"(-1.9644736, 1.7156866)"
1217,0,0,"(0.23720336, -0.29509747)"
1218,0,0,"(1.706077, -1.8109252)"
1219,0,0,"(1.2098374, -1.3158901)"
1220,0,1,"(-0.48591802, 0.2881967)"
1221,0,1,"(-1.2815082, 1.2085152)"
1222,1,1,"(-1.4967673, 1.2394869)"
1223,0,0,"(1.3537114, -1.3132696)"
1224,0,1,"(-0.15533043, 0.08882634)"
1225,0,0,"(0.9469956, -1.0709938)"
1226,0,0,"(-0.029505936, -0.051245973)"
1227,0,1,"(-1.7028402, 1.462146)"
1228,0,0,"(1.6836984, -1.8184098)"
1229,0,1,"(-1.3500268, 1.1017252)"
1230,1,1,"(-1.4090043, 1.2540898)"
1231,0,0,"(1.2767186, -1.3804398)"
1232,0,0,"(2.1320806, -2.195851)"
1233,0,0,"(1.3128722, -1.3911109)"
1234,0,0,"(0.1171608, -0.2526856)"
1235,1,1,"(-1.6705983, 1.371988)"
1236,0,1,"(-0.4372635, 0.29695147)"
1237,0,0,"(0.89229053, -0.95256436)"
1238,1,1,"(-1.9902289, 1.7827079)"
1239,0,1,"(-2.1102574, 1.7325222)"
1240,0,1,"(-0.45239124, 0.2526296)"
1241,0,1,"(-1.421818, 1.2491572)"
1242,0,0,"(0.03124552, -0.11259627)"
1243,0,0,"(0.56236666, -0.6865858)"
1244,1,0,"(0.54883873, -0.75259334)"
1245,0,1,"(-0.556835, 0.43942952)"
1246,1,0,"(0.21742186, -0.40117443)"
1247,0,0,"(0.42942458, -0.5227597)"
1248,0,1,"(-1.7825019, 1.5685238)"
1249,0,0,"(1.7736777, -1.8855417)"
1250,0,1,"(-1.2315819, 1.0974808)"
1251,0,1,"(-2.0313582, 1.6306297)"
1252,0,0,"(0.98970103, -1.1889982)"
1253,0,1,"(-0.8213795, 0.5222036)"
1254,0,0,"(1.2858503, -1.3187566)"
1255,0,0,"(1.4239223, -1.4540908)"
1256,0,0,"(2.0054548, -2.011712)"
1257,0,1,"(-1.4921476, 1.3587892)"
1258,0,1,"(-1.0085864, 0.7559149)"
1259,0,1,"(-0.13269906, 0.11540748)"
1260,0,1,"(-2.5825691, 2.2542071)"
1261,1,1,"(-2.4734366, 2.1655562)"
1262,0,0,"(1.1316954, -1.20252)"
1263,0,0,"(2.507049, -2.541805)"
1264,1,0,"(0.6799591, -0.8514605)"
1265,0,0,"(1.8792045, -2.0566688)"
1266,1,0,"(0.87211645, -1.0739541)"
1267,0,1,"(-0.7416904, 0.66208076)"
1268,0,0,"(0.18118314, -0.3486643)"
1269,0,0,"(2.6972303, -2.727199)"
1270,1,1,"(-2.2026832, 1.8849034)"
1271,1,0,"(0.52823746, -0.63287956)"
1272,0,0,"(1.6030366, -1.7963488)"
1273,1,1,"(-1.6041694, 1.3838294)"
1274,0,0,"(0.15152864, -0.31967223)"
1275,1,0,"(1.3005345, -1.4775974)"
1276,1,1,"(-0.19841388, -0.0055233203)"
1277,0,1,"(-0.19310676, -0.0025045238)"
1278,0,0,"(1.4415692, -1.512566)"
1279,1,1,"(-1.0067867, 0.773057)"
1280,1,0,"(1.2638454, -1.3438249)"
1281,1,0,"(-0.12045932, -0.25024214)"
1282,1,0,"(1.7994888, -1.9483066)"
1283,1,1,"(-1.7105377, 1.4789758)"
1284,0,0,"(1.900383, -1.9714336)"
1285,0,1,"(-0.84848535, 0.70236933)"
1286,0,1,"(-1.086669, 0.90636915)"
1287,0,0,"(0.7304228, -0.77992415)"
1288,1,1,"(-1.0628027, 0.87619126)"
1289,0,1,"(-1.6576478, 1.3759524)"
1290,0,1,"(-2.4627285, 2.111158)"
1291,0,1,"(-0.8293922, 0.6066606)"
1292,0,1,"(-0.49836642, 0.14606172)"
1293,0,1,"(-2.777119, 2.4618814)"
1294,0,0,"(2.3528056, -2.4297886)"
1295,0,0,"(2.3226416, -2.4303513)"
1296,1,1,"(-2.8742938, 2.7065072)"
1297,0,1,"(-0.45476386, 0.34647197)"
1298,0,1,"(-1.0423272, 0.94945514)"
1299,0,0,"(1.2272346, -1.4790902)"
1300,0,0,"(0.89188796, -1.054598)"
1301,0,0,"(-0.13153517, -0.13975835)"
1302,0,0,"(2.0033188, -2.1858714)"
1303,1,1,"(-1.6023839, 1.3689325)"
1304,0,0,"(0.12026453, -0.16325949)"
1305,0,0,"(2.0389967, -2.142819)"
1306,1,0,"(0.63656473, -0.8374901)"
1307,0,0,"(1.829976, -1.8992615)"
1308,0,1,"(-0.72155213, 0.41098097)"
1309,0,0,"(1.554333, -1.7334614)"
1310,1,0,"(1.5096886, -1.4758668)"
1311,1,1,"(-1.1646211, 0.8914365)"
1312,0,0,"(0.44436428, -0.55779135)"
1313,0,1,"(-0.60911155, 0.41465643)"
1314,0,1,"(-1.8774859, 1.6289839)"
1315,1,1,"(-1.6397166, 1.4191573)"
1316,0,1,"(-1.0579734, 1.0021029)"
1317,0,1,"(-0.20565554, 0.04051695)"
1318,1,1,"(-0.3719737, 0.09235012)"
1319,0,1,"(-1.6582856, 1.4071544)"
1320,1,0,"(1.6328092, -1.8479333)"
1321,0,1,"(-1.2385669, 1.1328938)"
1322,0,1,"(-1.9703821, 1.6821454)"
1323,0,1,"(-2.377065, 2.0780427)"
1324,0,0,"(0.011734929, -0.061774097)"
1325,0,1,"(-0.2141216, 0.0072915703)"
1326,1,0,"(0.8152386, -0.8610773)"
1327,0,1,"(-0.6084461, 0.44901186)"
1328,0,1,"(-1.3602276, 1.0774708)"
1329,0,0,"(1.5465331, -1.6410365)"
1330,0,0,"(2.0922594, -2.1645863)"
1331,1,0,"(0.7804778, -1.1079693)"
1332,0,0,"(0.6842024, -0.76760817)"
1333,0,0,"(1.0992281, -1.2128329)"
1334,0,1,"(-1.6520001, 1.4994184)"
1335,0,0,"(1.468116, -1.7170879)"
1336,0,0,"(1.8701026, -1.9914968)"
1337,1,0,"(0.9102869, -1.0648603)"
1338,0,0,"(1.9607165, -2.0182562)"
1339,0,0,"(0.07216707, -0.25326905)"
1340,0,1,"(-0.38186878, 0.115438096)"
1341,1,1,"(-0.7292443, 0.55428904)"
1342,0,0,"(0.94177663, -1.042564)"
1343,0,1,"(-1.4056728, 1.2730063)"
1344,1,1,"(-1.4216428, 1.102461)"
1345,0,0,"(1.0889293, -1.1586897)"
1346,0,0,"(0.10162573, -0.14776771)"
1347,1,1,"(-1.6651442, 1.4238126)"
1348,0,1,"(-0.30179527, 0.3133967)"
1349,0,0,"(1.0791507, -1.2011958)"
1350,0,1,"(-0.9425162, 0.7729778)"
1351,0,1,"(-1.0741549, 1.0000364)"
1352,1,0,"(-0.056261584, -0.23017259)"
1353,0,1,"(-0.85276437, 0.59992254)"
1354,0,0,"(0.110204875, -0.2784228)"
1355,0,0,"(2.5530136, -2.5950363)"
1356,0,0,"(0.52457577, -0.6600125)"
1357,0,0,"(-0.0088038035, -0.14873594)"
1358,0,0,"(1.9987783, -2.0764146)"
1359,0,0,"(1.7826768, -1.886421)"
1360,0,0,"(0.75680906, -0.9050134)"
1361,1,1,"(-1.1623163, 0.8010493)"
1362,0,0,"(1.0157728, -1.1529379)"
1363,0,0,"(0.24369922, -0.3660749)"
1364,0,0,"(0.53911006, -0.80599046)"
1365,0,0,"(1.0063645, -1.0981123)"
1366,0,1,"(-2.7228441, 2.3280072)"
1367,1,1,"(-1.7648456, 1.5359975)"
1368,1,0,"(0.7135241, -0.7992594)"
1369,0,0,"(1.1481959, -1.2915044)"
1370,0,0,"(0.9274682, -1.0432208)"
1371,0,1,"(-0.68085074, 0.5869236)"
1372,0,0,"(1.8302946, -2.0227165)"
1373,0,0,"(0.3746725, -0.4506017)"
1374,0,0,"(1.5269756, -1.5779903)"
1375,0,0,"(-0.022827083, -0.11538956)"
1376,1,0,"(1.9675162, -2.0411947)"
1377,0,0,"(1.8585101, -1.9986634)"
1378,1,0,"(0.18457232, -0.2078188)"
1379,0,1,"(-1.6285249, 1.3291214)"
1380,0,1,"(-1.6127872, 1.3106313)"
1381,0,0,"(2.0888257, -2.247017)"
1382,0,1,"(-1.7775974, 1.5734122)"
1383,0,1,"(-0.96810913, 0.7755604)"
1384,0,1,"(-0.8195907, 0.55382574)"
1385,0,0,"(0.6926044, -0.9841171)"
1386,0,1,"(-2.236431, 1.8840152)"
1387,0,1,"(-1.7710669, 1.5081666)"
1388,1,1,"(-1.9118094, 1.5850744)"
1389,0,1,"(-2.9067798, 2.5985765)"
1390,1,0,"(0.38712975, -0.43066466)"
1391,0,0,"(1.2891322, -1.3377573)"
1392,0,1,"(-1.1755372, 1.0804168)"
1393,0,0,"(0.015897784, -0.16740833)"
1394,0,1,"(-0.37467474, 0.27448958)"
1395,0,1,"(-1.9760091, 1.7829554)"
1396,0,0,"(1.1022279, -1.2084222)"
1397,1,1,"(-0.32864878, 0.035170183)"
1398,0,0,"(1.3308277, -1.3638899)"
1399,0,0,"(2.7350688, -2.724336)"
1400,1,1,"(-1.8940829, 1.647486)"
1401,0,0,"(0.7170496, -0.81254506)"
1402,0,0,"(1.8176776, -1.985029)"
1403,0,0,"(0.9066807, -1.0879092)"
1404,0,0,"(2.3147392, -2.418548)"
1405,1,1,"(-0.23630516, 0.015718363)"
1406,0,0,"(1.1658545, -1.2636157)"
1407,1,0,"(0.8696006, -1.0776224)"
1408,1,0,"(2.2150626, -2.3726344)"
1409,0,1,"(-1.4252697, 1.1090279)"
1410,0,0,"(0.41175842, -0.4147428)"
1411,1,1,"(-2.4598799, 2.1112611)"
1412,0,1,"(-1.6920414, 1.4968579)"
1413,0,1,"(-0.91086787, 0.8998418)"
1414,0,0,"(0.124536306, -0.31221637)"
1415,0,0,"(1.9920368, -2.1959267)"
1416,1,0,"(0.82967496, -0.9126234)"
1417,0,1,"(-0.35593978, 0.08987892)"
1418,0,0,"(0.25094312, -0.32331535)"
1419,0,0,"(0.7122746, -0.9455893)"
1420,0,0,"(1.0639347, -1.1735852)"
1421,1,1,"(-1.9045656, 1.6375296)"
1422,0,1,"(-1.3577474, 1.2296075)"
1423,0,1,"(-1.116262, 1.0890164)"
1424,0,0,"(1.0526927, -1.0908507)"
1425,0,0,"(1.2724258, -1.5131767)"
1426,0,1,"(-0.70670116, 0.47891283)"
1427,0,0,"(1.7506826, -1.8338838)"
1428,1,0,"(1.8184514, -1.9478457)"
1429,0,1,"(-1.8120747, 1.5073597)"
1430,0,1,"(-1.7834337, 1.5205765)"
1431,0,1,"(-1.6373675, 1.4980397)"
1432,1,0,"(0.7679674, -1.0548912)"
1433,0,0,"(0.4012506, -0.63398993)"
1434,0,0,"(1.4464123, -1.683975)"
1435,0,0,"(0.3034015, -0.42377448)"
1436,0,1,"(-0.21095535, 0.094081655)"
1437,0,0,"(1.4184468, -1.5475267)"
1438,0,1,"(-0.84094536, 0.61641014)"
1439,0,0,"(0.45123827, -0.57495946)"
1440,0,0,"(1.0329083, -1.0688496)"
1441,0,0,"(1.7476089, -1.9229754)"
1442,0,0,"(2.0196857, -2.1101696)"
1443,0,0,"(0.78899026, -0.8888786)"
1444,0,1,"(-0.1148097, -0.10327198)"
1445,1,1,"(-2.1709032, 1.9894025)"
1446,0,1,"(-0.25802556, -0.11762292)"
1447,0,1,"(-1.855535, 1.6573231)"
1448,0,1,"(-1.5917811, 1.3060359)"
1449,0,1,"(-0.8069435, 0.7182907)"
1450,1,1,"(-1.653866, 1.4203357)"
1451,0,1,"(-2.5846112, 2.2939343)"
1452,0,1,"(-0.4003113, 0.14976963)"
1453,0,1,"(-0.38784596, 0.27007714)"
1454,0,1,"(-0.59647363, 0.546167)"
1455,0,0,"(1.7697606, -1.9793043)"
1456,1,1,"(-0.20018035, 0.1619673)"
1457,0,0,"(1.5730035, -1.8237361)"
1458,0,0,"(1.127739, -1.259334)"
1459,0,0,"(1.1865153, -1.3439915)"
1460,0,0,"(0.29559276, -0.40126047)"
1461,0,0,"(0.13325426, -0.3333433)"
1462,0,0,"(0.59312606, -0.7586494)"
1463,1,0,"(1.6316941, -1.8423202)"
1464,0,1,"(-1.1608737, 1.0491952)"
1465,0,0,"(0.6745901, -0.81334746)"
1466,1,0,"(0.44822335, -0.59747314)"
1467,0,1,"(-0.44913512, 0.30650306)"
1468,0,0,"(0.54533744, -0.666638)"
1469,0,1,"(-2.12671, 1.8919864)"
1470,0,0,"(1.8860888, -2.0058146)"
1471,0,0,"(0.9504304, -1.0611308)"
1472,1,0,"(-0.052878305, -0.2846311)"
1473,0,1,"(-1.4071093, 1.1462812)"
1474,0,1,"(-0.176852, 0.02823646)"
1475,0,0,"(0.40390873, -0.5208988)"
1476,0,1,"(-0.22258224, -0.024750814)"
1477,0,1,"(-1.8214486, 1.655591)"
1478,0,0,"(1.9807525, -2.105455)"
1479,0,1,"(-1.6425728, 1.4225565)"
1480,1,0,"(1.0853174, -1.268479)"
1481,0,0,"(0.32111067, -0.3855783)"
1482,0,0,"(1.7986066, -1.843317)"
1483,1,1,"(-1.6219523, 1.3203247)"
1484,0,0,"(0.14512308, -0.265211)"
1485,0,0,"(1.0759927, -1.2299381)"
1486,0,1,"(-0.36604005, 0.27006707)"
1487,0,0,"(0.81358325, -0.8265195)"
1488,0,0,"(0.46291414, -0.6972468)"
1489,0,1,"(-0.7821753, 0.61717343)"
1490,0,1,"(-1.2399524, 1.0858054)"
1491,0,1,"(-2.0466158, 1.7632966)"
1492,0,1,"(-2.4399416, 2.1146338)"
1493,1,0,"(-0.10824037, -0.12741703)"
1494,0,1,"(-2.1983624, 1.8523842)"
1495,0,0,"(0.6398988, -0.7471787)"
1496,0,0,"(0.3888792, -0.5527329)"
1497,0,0,"(0.38327226, -0.4247773)"
1498,1,0,"(0.8668381, -0.9788555)"
1499,0,0,"(0.33326045, -0.51387393)"
1500,0,0,"(0.2685529, -0.5021371)"
1501,0,1,"(-0.4262684, 0.25344676)"
1502,0,1,"(-0.25786853, 0.14803103)"
1503,0,0,"(1.8423761, -1.9470341)"
1504,0,1,"(-0.41186988, 0.32838148)"
1505,0,0,"(0.81649435, -0.85890156)"
1506,0,1,"(-1.7324542, 1.4041226)"
1507,0,0,"(2.534169, -2.4126706)"
1508,1,0,"(1.8257227, -2.0518699)"
1509,0,0,"(2.2562418, -2.1817937)"
1510,0,0,"(1.5876805, -1.7050014)"
1511,0,0,"(0.83308285, -0.9052782)"
1512,0,0,"(1.0230598, -1.1209922)"
1513,0,1,"(-1.2752326, 1.0270643)"
1514,1,1,"(-1.5871866, 1.3588283)"
1515,0,1,"(-0.5044015, 0.24151984)"
1516,0,1,"(-0.17912938, 0.035787188)"
1517,0,0,"(0.30108556, -0.38656515)"
1518,1,1,"(-2.0638034, 1.758302)"
1519,0,1,"(-0.2895409, 0.015855446)"
1520,0,0,"(0.32418442, -0.40986502)"
1521,0,1,"(-1.7942712, 1.5186561)"
1522,0,1,"(-2.3578405, 2.050262)"
1523,0,1,"(-0.47247204, 0.22228305)"
1524,0,1,"(-1.7353576, 1.5056752)"
1525,0,1,"(-0.6017059, 0.25020987)"
1526,0,0,"(1.234861, -1.3359275)"
1527,0,0,"(0.6474761, -0.85917413)"
1528,0,0,"(1.398333, -1.463996)"
1529,0,1,"(-1.7640746, 1.5687397)"
1530,0,0,"(0.5841564, -0.670416)"
1531,0,0,"(0.45310712, -0.51281106)"
1532,0,1,"(-0.6072531, 0.36453897)"
1533,0,1,"(-1.471302, 1.2440684)"
1534,0,1,"(-1.2444725, 0.97121763)"
1535,0,1,"(-1.9491918, 1.7065215)"
1536,0,1,"(-0.5175401, 0.36458254)"
1537,0,0,"(1.5523082, -1.5775578)"
1538,1,1,"(-2.2694278, 1.9177122)"
1539,0,0,"(1.7590563, -1.8770564)"
1540,0,0,"(2.0213752, -2.1208937)"
1541,0,1,"(-0.62601936, 0.36417565)"
1542,1,1,"(-0.8755957, 0.5669977)"
1543,1,0,"(-0.016618889, -0.019779842)"
1544,0,1,"(-0.95759416, 0.7120253)"
1545,0,1,"(-0.58897966, 0.47815177)"
1546,0,1,"(-1.4042389, 1.256634)"
1547,1,1,"(-1.6296005, 1.4413955)"
1548,0,1,"(-2.1749854, 1.8537796)"
1549,0,1,"(-0.8443228, 0.7440312)"
1550,1,1,"(-1.0462713, 0.8295201)"
1551,0,1,"(-0.27308768, 0.05082033)"
1552,1,1,"(-1.1016827, 0.8482876)"
1553,0,0,"(1.8294727, -1.9612451)"
1554,1,1,"(-1.5799351, 1.3435097)"
1555,0,0,"(0.5887867, -0.6810055)"
1556,1,0,"(0.50071657, -0.65051544)"
1557,0,1,"(-0.3588375, 0.02249058)"
1558,0,0,"(2.7344737, -2.829986)"
1559,0,1,"(-2.1452975, 1.88)"
1560,1,0,"(0.5498413, -0.90643525)"
1561,1,0,"(1.8279252, -2.0585384)"
1562,0,1,"(-2.7768512, 2.509911)"
1563,0,0,"(1.1851065, -1.3774073)"
1564,0,1,"(-2.036851, 1.7752705)"
1565,0,0,"(1.2810328, -1.5381278)"
1566,1,1,"(-1.810004, 1.5407643)"
1567,1,1,"(-0.4007262, 0.2890646)"
1568,0,1,"(-1.9588983, 1.7336707)"
1569,0,0,"(0.06757609, -0.24558687)"
1570,1,0,"(0.6972658, -0.8726684)"
1571,0,0,"(0.31090024, -0.4194947)"
1572,0,0,"(1.1148982, -1.205002)"
1573,0,1,"(-2.229848, 1.9475089)"
1574,0,0,"(0.2115595, -0.35955846)"
1575,0,0,"(0.14647207, -0.22263505)"
1576,1,0,"(-0.019054025, -0.17913564)"
1577,0,0,"(1.4121525, -1.5069456)"
1578,0,0,"(1.7293375, -1.9695729)"
1579,0,0,"(-0.051988315, -0.087499544)"
1580,0,1,"(-0.45104808, 0.42444405)"
1581,0,1,"(-0.946633, 0.8295392)"
1582,0,1,"(-1.1013358, 0.74686563)"
1583,0,0,"(0.38806638, -0.478409)"
1584,0,1,"(-1.9014785, 1.6962086)"
1585,0,1,"(-0.8886849, 0.5604209)"
1586,0,1,"(-2.2642446, 2.033694)"
1587,0,1,"(-0.5167519, 0.47791553)"
1588,0,1,"(-0.6698848, 0.60339737)"
1589,1,0,"(0.5048755, -0.6916225)"
1590,1,0,"(0.9824887, -1.202559)"
1591,0,1,"(-0.6147001, 0.47571218)"
1592,1,1,"(-0.37806085, 0.24306524)"
1593,1,0,"(1.1779296, -1.4728897)"
1594,0,1,"(-0.41063595, 0.2842202)"
1595,0,0,"(1.6172491, -1.7119508)"
1596,0,1,"(-2.077826, 1.8046188)"
1597,1,1,"(-1.5789633, 1.3093476)"
1598,0,0,"(0.41738448, -0.55576634)"
1599,0,0,"(0.01996218, -0.19908518)"
1600,0,0,"(2.3480742, -2.4080153)"
1601,0,1,"(-0.30493957, 0.22941943)"
1602,0,1,"(-1.2620579, 1.182049)"
1603,0,1,"(-1.0275035, 0.80704284)"
1604,0,1,"(-1.7330606, 1.4554999)"
1605,0,1,"(-0.13614544, -0.08886036)"
1606,0,0,"(1.0795277, -1.1344016)"
1607,1,1,"(-0.70693445, 0.5982531)"
1608,0,1,"(-1.2696638, 1.0820271)"
1609,0,0,"(0.6215404, -0.6317249)"
1610,0,0,"(1.1057739, -1.2627757)"
1611,0,1,"(-1.9580209, 1.7191998)"
1612,0,0,"(1.8705218, -1.9030173)"
1613,1,0,"(0.790388, -0.98433924)"
1614,0,0,"(0.29836744, -0.32295048)"
1615,0,0,"(1.1207982, -1.396471)"
1616,1,0,"(0.39917463, -0.5686059)"
1617,0,1,"(-2.21699, 1.9302734)"
1618,1,0,"(0.92482626, -1.2054446)"
1619,0,1,"(-1.8409178, 1.570574)"
1620,1,1,"(-2.2373888, 2.00429)"
1621,0,1,"(-1.8888308, 1.6654179)"
1622,0,0,"(1.0307654, -1.2439891)"
1623,1,0,"(2.014847, -2.074348)"
1624,0,1,"(-0.73346746, 0.57368165)"
1625,0,1,"(-1.9335872, 1.6497754)"
1626,0,1,"(-1.6414918, 1.4524407)"
1627,1,0,"(1.2232549, -1.4038699)"
1628,0,0,"(1.1696513, -1.2501421)"
1629,0,0,"(1.0056571, -1.0875108)"
1630,0,1,"(-1.6591752, 1.4311793)"
1631,0,0,"(1.0154226, -1.3094376)"
1632,0,1,"(-2.047705, 1.8361006)"
1633,0,0,"(0.4013049, -0.572651)"
1634,0,1,"(-0.7650814, 0.50028175)"
1635,0,0,"(0.020896174, -0.20657116)"
1636,0,0,"(2.6846628, -2.6966584)"
1637,0,1,"(-1.4232823, 1.2028606)"
1638,0,1,"(-1.5882667, 1.3797814)"
1639,0,0,"(0.60363734, -0.7710577)"
1640,0,0,"(1.7223098, -1.9526732)"
1641,0,1,"(-1.394588, 1.2382758)"
1642,0,0,"(0.24553433, -0.43974656)"
1643,0,1,"(-0.68531513, 0.58119655)"
1644,1,1,"(-0.7020093, 0.46753106)"
1645,0,1,"(-2.0601046, 1.827365)"
1646,0,0,"(2.9726963, -3.033152)"
1647,0,1,"(-2.0094275, 1.7494918)"
1648,0,0,"(1.5517964, -1.7237831)"
1649,0,0,"(2.0018942, -2.096811)"
1650,0,0,"(1.2392192, -1.4078294)"
1651,0,1,"(-1.6906879, 1.4709594)"
1652,1,1,"(-1.933706, 1.7157098)"
1653,0,0,"(0.22851291, -0.3915549)"
1654,1,1,"(-0.39160815, 0.20117305)"
1655,1,1,"(-0.39991337, 0.26124877)"
1656,0,0,"(0.9056821, -0.98313516)"
1657,0,0,"(1.6098156, -1.6532822)"
1658,1,0,"(1.0486228, -1.3055949)"
1659,0,1,"(-3.0082445, 2.7175825)"
1660,0,1,"(-1.2517087, 1.136934)"
1661,0,0,"(0.7760914, -1.0936667)"
1662,0,0,"(1.6619523, -1.652813)"
1663,1,1,"(-1.369425, 1.1406032)"
1664,0,0,"(0.8713014, -0.93830776)"
1665,0,0,"(2.3423796, -2.4592116)"
1666,0,1,"(-0.6705717, 0.3939197)"
1667,1,1,"(-0.88642454, 0.6396482)"
1668,0,1,"(-0.086400054, -0.07353419)"
1669,0,0,"(2.971881, -3.0360203)"
1670,0,0,"(0.41691837, -0.4807064)"
1671,0,1,"(-2.2031367, 1.8917952)"
1672,1,0,"(0.17781259, -0.37038487)"
1673,1,1,"(-1.5958511, 1.2866104)"
1674,0,1,"(-1.3066965, 1.1942749)"
1675,0,1,"(-1.2836951, 1.0434176)"
1676,0,0,"(0.15856415, -0.24618685)"
1677,0,0,"(1.6117976, -1.8195863)"
1678,0,1,"(-1.6681893, 1.4448822)"
1679,0,0,"(1.2471001, -1.2702692)"
1680,0,1,"(-0.830178, 0.50912344)"
1681,0,0,"(0.30117708, -0.33456331)"
1682,0,1,"(-1.0920036, 0.9267414)"
1683,0,0,"(0.31895676, -0.43928206)"
1684,1,1,"(-1.6164792, 1.2437315)"
1685,1,1,"(-1.2507555, 1.0306461)"
1686,0,0,"(1.9882785, -2.0953665)"
1687,0,0,"(1.7809952, -1.9516308)"
1688,0,1,"(-0.4327274, 0.31679118)"
1689,0,1,"(-2.133275, 1.8779914)"
1690,0,0,"(0.52413213, -0.62305355)"
1691,0,0,"(1.500147, -1.7584674)"
1692,0,1,"(-0.5530472, 0.34477723)"
1693,0,1,"(-0.44944727, 0.3927713)"
1694,0,1,"(-2.2894993, 2.0652444)"
1695,0,0,"(0.9272849, -1.057836)"
1696,0,1,"(-0.11069328, -0.095904194)"
1697,0,0,"(0.47404277, -0.6183521)"
1698,1,1,"(-1.992729, 1.7524725)"
1699,0,0,"(1.5684587, -1.7264576)"
1700,0,1,"(-1.3679585, 1.2262013)"
1701,0,0,"(0.22104016, -0.3295341)"
1702,1,1,"(-1.0621792, 0.8631222)"
1703,0,1,"(-2.2450168, 1.9459298)"
1704,0,0,"(0.50459164, -0.6335583)"
1705,0,0,"(0.41989097, -0.51913154)"
1706,0,1,"(-0.1880548, -0.15115337)"
1707,0,1,"(-0.3365857, 0.22591785)"
1708,0,1,"(-0.5392076, 0.23559411)"
1709,0,0,"(0.67359865, -0.72323024)"
1710,1,1,"(-2.289133, 2.016258)"
1711,1,0,"(0.077656604, -0.2099037)"
1712,0,0,"(1.4208703, -1.4890425)"
1713,0,0,"(0.07566231, -0.1215)"
1714,0,0,"(0.9088311, -1.2189326)"
1715,0,1,"(-1.6752377, 1.3093839)"
1716,1,1,"(-0.86839867, 0.60064113)"
1717,1,1,"(-1.7629371, 1.4807084)"
1718,0,0,"(1.3522148, -1.4974706)"
1719,1,0,"(1.6918918, -1.7769032)"
1720,0,1,"(-0.9979671, 0.6796483)"
1721,0,1,"(-1.1763741, 1.1025178)"
1722,1,1,"(-2.0485606, 1.7893162)"
1723,0,0,"(1.685869, -1.726661)"
1724,0,0,"(1.7235334, -1.8671587)"
1725,0,1,"(-0.15639207, 0.0064735264)"
1726,1,1,"(-0.94199455, 0.76176745)"
1727,1,1,"(-1.5082026, 1.2821)"
1728,0,0,"(0.77623725, -0.9372563)"
1729,1,1,"(-0.5661334, 0.34695968)"
1730,1,0,"(1.460907, -1.6042731)"
1731,0,0,"(1.6871455, -1.9208865)"
1732,0,0,"(1.896599, -1.9647275)"
1733,1,0,"(1.2700453, -1.3253415)"
1734,0,0,"(1.9786917, -1.9747005)"
1735,0,1,"(-2.6291163, 2.4191775)"
1736,0,0,"(0.38804752, -0.5393826)"
1737,0,0,"(1.1389954, -1.2339247)"
1738,0,0,"(1.6147401, -1.650022)"
1739,0,0,"(1.9153714, -2.1286573)"
1740,1,0,"(1.1697681, -1.2583241)"
1741,0,0,"(1.1025577, -1.437261)"
1742,1,0,"(1.150548, -1.403904)"
1743,0,0,"(1.9487686, -2.1157956)"
1744,1,1,"(-0.6819695, 0.5341698)"
1745,0,1,"(-2.1417294, 1.8201007)"
1746,0,0,"(2.1296477, -2.2470188)"
1747,0,0,"(0.7866484, -0.8308495)"
1748,0,0,"(0.7825637, -0.9293988)"
1749,0,1,"(-0.17493942, -0.043922596)"
1750,0,0,"(0.8149056, -1.0218897)"
1751,0,0,"(1.5397704, -1.6734133)"
1752,0,1,"(-0.21547681, 0.07273646)"
1753,1,1,"(-0.4805171, 0.45527315)"
1754,1,1,"(-0.9196494, 0.75131726)"
1755,1,1,"(-2.075119, 1.7786883)"
1756,1,0,"(1.2830588, -1.4222012)"
1757,0,1,"(-0.3337322, 0.21523546)"
1758,1,1,"(-2.1906624, 1.9341959)"
1759,0,0,"(0.4433811, -0.49721116)"
1760,0,0,"(2.0682256, -2.080402)"
1761,0,0,"(0.043805193, -0.20276478)"
1762,0,1,"(-1.7473706, 1.3648806)"
1763,0,0,"(0.82661647, -0.9398187)"
1764,1,0,"(1.5903063, -1.8248261)"
1765,0,0,"(1.196204, -1.3064089)"
1766,0,1,"(-1.5510788, 1.3332372)"
1767,0,0,"(0.116288394, -0.21627362)"
1768,0,1,"(-0.81284386, 0.6613394)"
1769,0,0,"(1.8301783, -1.8971075)"
1770,0,0,"(0.15371984, -0.4766875)"
1771,0,1,"(-0.14226605, -0.027740683)"
1772,0,0,"(2.9460166, -2.9533448)"
1773,0,1,"(-1.6438215, 1.4416263)"
1774,0,1,"(-0.4315031, 0.27716762)"
1775,1,0,"(0.13455483, -0.34556723)"
1776,0,0,"(0.501969, -0.6430925)"
1777,1,1,"(-1.0822656, 0.92688936)"
1778,1,1,"(-1.2558081, 1.0516789)"
1779,0,1,"(-0.15443173, -0.12679164)"
1780,0,0,"(1.4032712, -1.6453496)"
1781,0,0,"(0.051319, -0.10577126)"
1782,0,1,"(-1.636514, 1.4833233)"
1783,0,1,"(-1.4434094, 1.2915437)"
1784,0,1,"(-0.48161757, 0.30955034)"
1785,1,0,"(2.3837318, -2.4650364)"
1786,0,0,"(1.1769545, -1.2618421)"
1787,1,0,"(0.68491906, -0.8003272)"
1788,1,1,"(-0.21588758, -0.05986339)"
1789,0,0,"(2.016509, -2.1184833)"
1790,0,0,"(1.160476, -1.3451554)"
1791,0,1,"(-2.0724778, 1.8596678)"
1792,1,0,"(1.2328508, -1.3843607)"
1793,1,0,"(1.3262336, -1.6321002)"
1794,0,0,"(0.20291576, -0.29458755)"
1795,1,1,"(-2.412564, 2.1607604)"
1796,0,1,"(-1.3450096, 1.0400867)"
1797,1,1,"(-0.33542535, 0.0863346)"
1798,1,0,"(0.52016604, -0.68072426)"
1799,0,1,"(-1.8890793, 1.5644186)"
1800,0,0,"(1.5637817, -1.7035577)"
1801,1,0,"(-0.07641627, -0.11016643)"
1802,0,1,"(-0.41363347, 0.25713572)"
1803,1,0,"(1.074198, -1.1683695)"
1804,1,1,"(-0.6234697, 0.24668062)"
1805,0,0,"(1.6925119, -1.7361054)"
1806,0,1,"(-1.8933132, 1.6139059)"
1807,0,0,"(0.39664036, -0.59564453)"
1808,0,0,"(1.4953139, -1.5307299)"
1809,0,0,"(0.7689414, -0.8557739)"
1810,0,0,"(1.0899022, -1.2587571)"
1811,0,1,"(-1.1691623, 1.0559486)"
1812,1,1,"(-2.3760614, 2.2238042)"
1813,0,0,"(1.4105046, -1.560024)"
1814,0,0,"(2.501155, -2.5796442)"
1815,1,1,"(-0.11684348, -0.025674634)"
1816,0,1,"(-1.2486523, 1.0671256)"
1817,0,0,"(2.5753322, -2.6371021)"
1818,0,0,"(0.2863071, -0.3223433)"
1819,1,1,"(-1.2989879, 1.0966005)"
1820,0,0,"(0.10179767, -0.23678039)"
1821,1,1,"(-0.29425824, 0.16375434)"
1822,1,0,"(0.12624073, -0.44566143)"
1823,0,0,"(0.7342552, -1.0815961)"
1824,0,0,"(0.56514513, -0.7046831)"
1825,0,0,"(0.091430604, -0.39869738)"
1826,0,1,"(-2.0343926, 1.7421227)"
1827,0,1,"(-1.6983285, 1.4011631)"
1828,0,0,"(1.6104467, -1.6673281)"
1829,0,0,"(0.48731372, -0.5882168)"
1830,0,1,"(-0.6223285, 0.39876765)"
1831,0,1,"(-2.130015, 1.8832645)"
1832,0,0,"(2.247481, -2.3551025)"
1833,0,1,"(-1.8948065, 1.6106358)"
1834,0,0,"(0.10888588, -0.3002249)"
1835,0,0,"(0.96972656, -1.2462647)"
1836,0,0,"(1.8622388, -1.9387982)"
1837,0,0,"(-0.035103038, -0.06352664)"
1838,0,0,"(1.4969697, -1.5596325)"
1839,0,1,"(-1.3617668, 1.1710672)"
1840,0,0,"(0.5665345, -0.69713795)"
1841,0,0,"(1.0689585, -1.0674467)"
1842,1,0,"(0.6964332, -0.7580354)"
1843,0,1,"(-1.0571978, 0.92037356)"
1844,0,0,"(1.4650655, -1.6311038)"
1845,1,1,"(-0.8272481, 0.57954204)"
1846,0,0,"(2.8228712, -2.7810497)"
1847,1,1,"(-1.188997, 0.929079)"
1848,1,0,"(0.2025206, -0.32737482)"
1849,0,1,"(-1.6030397, 1.3882385)"
1850,1,1,"(-0.654721, 0.4014647)"
1851,0,0,"(0.5545846, -0.6625217)"
1852,0,0,"(1.462662, -1.5951638)"
1853,1,1,"(-0.9271361, 0.6169846)"
1854,0,0,"(1.8914053, -2.007479)"
1855,0,1,"(-0.18686476, 0.03520453)"
1856,0,0,"(0.36730736, -0.47876197)"
1857,0,0,"(0.84832025, -0.8496773)"
1858,0,1,"(-0.13568552, 0.0027707107)"
1859,0,1,"(-1.4607439, 1.2271727)"
1860,0,0,"(0.5467424, -0.71511716)"
1861,0,1,"(-0.7210605, 0.61903113)"
1862,1,1,"(-1.9621389, 1.6601384)"
1863,1,1,"(-0.75897825, 0.66491544)"
1864,0,0,"(1.0616682, -1.144177)"
1865,1,1,"(-0.46989545, 0.25032955)"
1866,0,0,"(2.409469, -2.4680007)"
1867,0,0,"(2.3229885, -2.421442)"
1868,0,1,"(-1.8824703, 1.6261934)"
1869,0,0,"(0.9459123, -1.0936537)"
1870,0,0,"(1.8609866, -2.0115442)"
1871,0,0,"(0.5089822, -0.6120373)"
1872,0,0,"(1.7498255, -1.8882157)"
1873,0,1,"(-1.1088978, 0.87704873)"
1874,0,1,"(-0.4378683, 0.3955877)"
1875,1,1,"(-2.2460866, 1.9389596)"
1876,0,1,"(-3.195416, 2.9668565)"
1877,0,0,"(0.034814753, -0.15410027)"
1878,0,1,"(-0.064416945, -0.049797058)"
1879,0,0,"(0.63183814, -0.7279389)"
1880,0,0,"(1.4415059, -1.6574316)"
1881,0,0,"(1.506629, -1.6492738)"
1882,0,0,"(0.6038898, -0.8981843)"
1883,0,0,"(0.45484737, -0.5422673)"
1884,1,1,"(-0.23246577, 0.035873357)"
1885,0,1,"(-2.5803976, 2.222104)"
1886,0,1,"(-1.5247515, 1.3251429)"
1887,1,1,"(-1.004766, 0.8132191)"
1888,0,1,"(-0.82845753, 0.6566915)"
1889,0,1,"(-1.0368693, 0.7986816)"
1890,0,0,"(1.1879866, -1.3555617)"
1891,1,1,"(-1.5971024, 1.3185031)"
1892,0,1,"(-0.68583775, 0.52761567)"
1893,1,0,"(0.16247553, -0.30511692)"
1894,0,1,"(-1.6477165, 1.442582)"
1895,0,0,"(2.267192, -2.2616515)"
1896,0,0,"(0.14734623, -0.29949924)"
1897,0,0,"(1.3624499, -1.4187758)"
1898,1,1,"(-1.3267388, 1.0393453)"
1899,0,0,"(1.0714055, -1.1744225)"
1900,0,1,"(-1.2830162, 1.0636063)"
1901,0,0,"(1.2882946, -1.4143343)"
1902,0,0,"(0.15955189, -0.46593022)"
1903,0,1,"(-0.100449316, -0.019154852)"
1904,0,0,"(2.7300513, -2.727642)"
1905,0,1,"(-0.91269207, 0.7502719)"
1906,0,1,"(-1.4204488, 1.2196169)"
1907,0,0,"(2.4258592, -2.5870976)"
1908,1,0,"(0.15982404, -0.44372883)"
1909,0,1,"(-0.47886646, 0.37911105)"
1910,0,0,"(1.2176476, -1.2934556)"
1911,0,0,"(1.8014793, -1.8253286)"
1912,1,1,"(-2.548986, 2.2300775)"
1913,1,1,"(-0.25916547, 0.051359672)"
1914,0,0,"(0.36115718, -0.43172124)"
1915,0,1,"(-0.3912899, 0.22457354)"
1916,0,0,"(0.9932734, -1.100179)"
1917,0,1,"(-2.3319783, 2.0250902)"
1918,0,1,"(-1.3661716, 1.062497)"
1919,0,1,"(-1.86969, 1.6711328)"
1920,0,1,"(-2.2780857, 1.9494016)"
1921,0,1,"(-0.8743346, 0.6920494)"
1922,0,1,"(-1.162014, 1.0601716)"
1923,0,0,"(0.8464078, -0.8920369)"
1924,0,0,"(0.8119474, -0.97175133)"
1925,0,0,"(0.49577513, -0.6004139)"
1926,0,0,"(0.44009548, -0.56183434)"
1927,0,1,"(-0.7459002, 0.6189358)"
1928,0,0,"(1.3940244, -1.4358578)"
1929,0,0,"(1.7018855, -1.7423877)"
1930,0,1,"(-0.9765957, 0.8750574)"
1931,0,0,"(0.7867489, -0.8532505)"
1932,0,0,"(0.37298384, -0.38900876)"
1933,0,1,"(-0.6981354, 0.465001)"
1934,0,0,"(0.38492966, -0.66179514)"
1935,1,1,"(-2.032774, 1.7602744)"
1936,0,1,"(-0.3682952, 0.1899397)"
1937,0,1,"(-1.7143995, 1.491335)"
1938,0,1,"(-0.3636219, 0.12126492)"
1939,1,0,"(0.74470246, -0.8678162)"
1940,0,1,"(-0.6011437, 0.31527984)"
1941,0,0,"(2.285643, -2.4545953)"
1942,0,0,"(0.7228364, -0.89144295)"
1943,1,0,"(0.54172814, -0.7219016)"
1944,1,0,"(1.5204912, -1.5794284)"
1945,0,1,"(-2.8439693, 2.519595)"
1946,1,0,"(1.5230739, -1.5700816)"
1947,0,0,"(1.26841, -1.5637261)"
1948,1,1,"(-0.2292121, 0.06520199)"
1949,0,0,"(0.9583441, -1.2753005)"
1950,0,1,"(-0.14823857, -0.012178335)"
1951,0,0,"(1.8216593, -1.9475648)"
1952,0,0,"(0.34820497, -0.7476174)"
1953,1,1,"(-1.1968333, 1.0052749)"
1954,0,0,"(0.13589706, -0.26140097)"
1955,0,0,"(0.804824, -0.8867141)"
1956,0,0,"(1.6516253, -1.7835231)"
1957,0,1,"(-2.390163, 1.9733641)"
1958,0,1,"(-1.7523348, 1.5288825)"
1959,0,0,"(0.8943133, -0.9649291)"
1960,0,0,"(1.3850543, -1.5455303)"
1961,0,0,"(0.2876876, -0.3547268)"
1962,0,0,"(2.0974903, -2.1314209)"
1963,0,1,"(-1.8159671, 1.5766994)"
1964,0,0,"(2.1622343, -2.187033)"
1965,1,0,"(1.5141292, -1.6371005)"
1966,0,0,"(1.1508675, -1.3129573)"
1967,0,0,"(1.1797724, -1.2439756)"
1968,0,0,"(1.1612244, -1.3326511)"
1969,1,0,"(1.528429, -1.6140139)"
1970,1,0,"(0.37571257, -0.6165608)"
1971,1,1,"(-0.5720778, 0.3667766)"
1972,0,0,"(2.0646136, -2.1911535)"
1973,0,1,"(-0.3404975, 0.057462327)"
1974,0,0,"(2.4113092, -2.4200506)"
1975,0,1,"(-1.2666079, 0.96572834)"
1976,0,0,"(2.1964946, -2.3914685)"
1977,1,0,"(2.070752, -2.1578934)"
1978,0,0,"(0.7550198, -0.9291423)"
1979,0,0,"(2.606336, -2.7014322)"
1980,0,0,"(1.6975063, -1.5560491)"
1981,0,0,"(2.2615614, -2.4081063)"
1982,0,1,"(-1.4001638, 1.0618474)"
1983,0,1,"(-1.1997981, 0.8522665)"
1984,1,0,"(0.13646626, -0.34689748)"
1985,1,0,"(0.76906836, -0.8762553)"
1986,1,1,"(-1.441159, 1.268544)"
1987,1,1,"(-0.8188344, 0.6885708)"
1988,1,0,"(0.5471127, -0.7487931)"
1989,0,1,"(-1.4479814, 1.2412732)"
1990,0,0,"(1.7486784, -1.8496188)"
1991,0,1,"(-0.11257422, 0.05174548)"
1992,0,0,"(0.84445167, -1.2024037)"
1993,0,0,"(1.7474575, -1.8364877)"
1994,1,0,"(1.6404147, -1.7581631)"
1995,1,0,"(0.15143359, -0.45343834)"
1996,0,0,"(1.251786, -1.3979733)"
1997,0,1,"(-0.24250755, 0.06120948)"
1998,0,1,"(-1.613306, 1.3003141)"
1999,0,0,"(2.4568756, -2.5089922)"
2000,0,0,"(1.2653444, -1.2788935)"
2001,0,0,"(0.44478154, -0.6064662)"
2002,0,0,"(0.20520133, -0.31836662)"
2003,0,1,"(-0.48430425, 0.23032121)"
2004,1,1,"(-1.1302838, 0.9608068)"
2005,0,0,"(1.9394746, -2.0530975)"
2006,1,1,"(-0.4089971, 0.22470872)"
2007,0,1,"(-2.0195253, 1.700978)"
2008,0,0,"(1.7125162, -1.8417683)"
2009,0,1,"(-0.6442069, 0.6674758)"
2010,0,1,"(-1.6971054, 1.384256)"
2011,0,0,"(0.46419972, -0.5150858)"
2012,1,1,"(-2.3613818, 2.0236468)"
2013,0,1,"(-2.163759, 1.8410894)"
2014,0,0,"(0.26688987, -0.3700992)"
2015,0,0,"(1.8894464, -1.9531957)"
2016,0,1,"(-1.204036, 0.9476742)"
2017,0,1,"(-1.4662647, 1.1852918)"
2018,0,0,"(1.8715069, -2.052825)"
2019,0,1,"(-0.56162125, 0.42405725)"
2020,0,1,"(-0.10219949, 0.037642352)"
2021,0,1,"(-0.110133775, -0.08763418)"
2022,0,0,"(1.3040812, -1.4995265)"
2023,0,1,"(-2.5498233, 2.2250595)"
2024,0,1,"(-1.6568742, 1.4802125)"
2025,0,0,"(1.6099179, -1.6937679)"
2026,1,1,"(-2.2177367, 1.9353571)"
2027,0,0,"(2.020654, -2.206437)"
2028,1,0,"(1.0337621, -1.3131754)"
2029,0,0,"(1.663082, -1.8351952)"
2030,0,1,"(-0.6545019, 0.39516997)"
2031,0,1,"(-0.12681293, -0.050010532)"
2032,0,0,"(0.19810136, -0.3707947)"
2033,0,1,"(-0.20451367, 0.0012961477)"
2034,0,1,"(-1.339994, 1.1146193)"
2035,0,0,"(0.24879579, -0.4367398)"
2036,0,1,"(-1.5305724, 1.1677086)"
2037,0,0,"(0.7492176, -0.8267244)"
2038,0,1,"(-1.0548077, 0.89727485)"
2039,0,0,"(1.2718978, -1.5257828)"
2040,0,0,"(1.0711838, -1.1765604)"
2041,0,0,"(0.40228435, -0.45937324)"
2042,1,1,"(-1.6346486, 1.3639611)"
2043,0,1,"(-1.9790792, 1.7300801)"
2044,0,0,"(0.9343178, -1.022382)"
2045,0,0,"(0.80807966, -0.85143065)"
2046,1,1,"(-2.4943357, 2.1544287)"
2047,1,0,"(0.57593966, -0.7047975)"
2048,0,0,"(2.0035794, -2.0125375)"
2049,0,1,"(-1.5007702, 1.1525755)"
2050,0,1,"(-1.2639954, 1.1841443)"
2051,0,0,"(0.8856179, -1.0417938)"
2052,0,0,"(1.7908146, -1.967222)"
